Province,Constituency Number (ID),Constituency Name
KPK,NA-1 ,Chitral
KPK,NA-1 ,Chitral
KPK,NA-1 ,Chitral
KPK,NA-1 ,Chitral
KPK,NA-1 ,Chitral
KPK,NA-1 ,Chitral
KPK,NA-1 ,Chitral
KPK,NA-1 ,Chitral
KPK,NA-1 ,Chitral
KPK,NA-1 ,Chitral
KPK,NA-1 ,Chitral
KPK,NA-2 ,Swat-I
KPK,NA-2 ,Swat-I
KPK,NA-2 ,Swat-I
KPK,NA-2 ,Swat-I
KPK,NA-2 ,Swat-I
KPK,NA-2 ,Swat-I
KPK,NA-2 ,Swat-I
KPK,NA-2 ,Swat-I
KPK,NA-2 ,Swat-I
KPK,NA-2 ,Swat-I
KPK,NA-3 ,Swat-II
KPK,NA-3 ,Swat-II
KPK,NA-3 ,Swat-II
KPK,NA-3 ,Swat-II
KPK,NA-3 ,Swat-II
KPK,NA-3 ,Swat-II
KPK,NA-3 ,Swat-II
KPK,NA-3 ,Swat-II
KPK,NA-4 ,Swat-III
KPK,NA-4 ,Swat-III
KPK,NA-4 ,Swat-III
KPK,NA-4 ,Swat-III
KPK,NA-4 ,Swat-III
KPK,NA-4 ,Swat-III
KPK,NA-4 ,Swat-III
KPK,NA-4 ,Swat-III
KPK,NA-4 ,Swat-III
KPK,NA-4 ,Swat-III
KPK,NA-4 ,Swat-III
KPK,NA-5 ,Upper Dir
KPK,NA-5 ,Upper Dir
KPK,NA-5 ,Upper Dir
KPK,NA-5 ,Upper Dir
KPK,NA-5 ,Upper Dir
KPK,NA-5 ,Upper Dir
KPK,NA-5 ,Upper Dir
KPK,NA-5 ,Upper Dir
KPK,NA-5 ,Upper Dir
KPK,NA-5 ,Upper Dir
KPK,NA-6 ,Lower Dir-I
KPK,NA-6 ,Lower Dir-I
KPK,NA-6 ,Lower Dir-I
KPK,NA-6 ,Lower Dir-I
KPK,NA-6 ,Lower Dir-I
KPK,NA-6 ,Lower Dir-I
KPK,NA-6 ,Lower Dir-I
KPK,NA-6 ,Lower Dir-I
KPK,NA-7 ,Lower Dir-II
KPK,NA-7 ,Lower Dir-II
KPK,NA-7 ,Lower Dir-II
KPK,NA-7 ,Lower Dir-II
KPK,NA-7 ,Lower Dir-II
KPK,NA-7 ,Lower Dir-II
KPK,NA-7 ,Lower Dir-II
KPK,NA-7 ,Lower Dir-II
KPK,NA-8 ,Malakand
KPK,NA-8 ,Malakand
KPK,NA-8 ,Malakand
KPK,NA-8 ,Malakand
KPK,NA-8 ,Malakand
KPK,NA-8 ,Malakand
KPK,NA-8 ,Malakand
KPK,NA-8 ,Malakand
KPK,NA-8 ,Malakand
KPK,NA-8 ,Malakand
KPK,NA-8 ,Malakand
KPK,NA-8 ,Malakand
KPK,NA-8 ,Malakand
KPK,NA-9 ,Buner
KPK,NA-9 ,Buner
KPK,NA-9 ,Buner
KPK,NA-9 ,Buner
KPK,NA-9 ,Buner
KPK,NA-9 ,Buner
KPK,NA-9 ,Buner
KPK,NA-10 ,Shangla
KPK,NA-10 ,Shangla
KPK,NA-10 ,Shangla
KPK,NA-10 ,Shangla
KPK,NA-10 ,Shangla
KPK,NA-10 ,Shangla
KPK,NA-10 ,Shangla
KPK,NA-10 ,Shangla
KPK,NA-10 ,Shangla
KPK,NA-11 ,Kohistan-cum-Lower Kolai Pallas Kohistan
KPK,NA-11 ,Kohistan-cum-Lower Kolai Pallas Kohistan
KPK,NA-11 ,Kohistan-cum-Lower Kolai Pallas Kohistan
KPK,NA-11 ,Kohistan-cum-Lower Kolai Pallas Kohistan
KPK,NA-11 ,Kohistan-cum-Lower Kolai Pallas Kohistan
KPK,NA-11 ,Kohistan-cum-Lower Kolai Pallas Kohistan
KPK,NA-11 ,Kohistan-cum-Lower Kolai Pallas Kohistan
KPK,NA-11 ,Kohistan-cum-Lower Kolai Pallas Kohistan
KPK,NA-11 ,Kohistan-cum-Lower Kolai Pallas Kohistan
KPK,NA-11 ,Kohistan-cum-Lower Kolai Pallas Kohistan
KPK,NA-11 ,Kohistan-cum-Lower Kolai Pallas Kohistan
KPK,NA-11 ,Kohistan-cum-Lower Kolai Pallas Kohistan
KPK,NA-11 ,Kohistan-cum-Lower Kolai Pallas Kohistan
KPK,NA-11 ,Kohistan-cum-Lower Kolai Pallas Kohistan
KPK,NA-11 ,Kohistan-cum-Lower Kolai Pallas Kohistan
KPK,NA-11 ,Kohistan-cum-Lower Kolai Pallas Kohistan
KPK,NA-11 ,Kohistan-cum-Lower Kolai Pallas Kohistan
KPK,NA-12 ,Battagram
KPK,NA-12 ,Battagram
KPK,NA-12 ,Battagram
KPK,NA-12 ,Battagram
KPK,NA-12 ,Battagram
KPK,NA-12 ,Battagram
KPK,NA-12 ,Battagram
KPK,NA-12 ,Battagram
KPK,NA-13 ,Mansehra-I
KPK,NA-13 ,Mansehra-I
KPK,NA-13 ,Mansehra-I
KPK,NA-13 ,Mansehra-I
KPK,NA-13 ,Mansehra-I
KPK,NA-13 ,Mansehra-I
KPK,NA-13 ,Mansehra-I
KPK,NA-13 ,Mansehra-I
KPK,NA-13 ,Mansehra-I
KPK,NA-13 ,Mansehra-I
KPK,NA-13 ,Mansehra-I
KPK,NA-13 ,Mansehra-I
KPK,NA-13 ,Mansehra-I
KPK,NA-13 ,Mansehra-I
KPK,NA-14 ,Mansehra-cum-Torghar
KPK,NA-14 ,Mansehra-cum-Torghar
KPK,NA-14 ,Mansehra-cum-Torghar
KPK,NA-14 ,Mansehra-cum-Torghar
KPK,NA-14 ,Mansehra-cum-Torghar
KPK,NA-14 ,Mansehra-cum-Torghar
KPK,NA-14 ,Mansehra-cum-Torghar
KPK,NA-14 ,Mansehra-cum-Torghar
KPK,NA-14 ,Mansehra-cum-Torghar
KPK,NA-14 ,Mansehra-cum-Torghar
KPK,NA-14 ,Mansehra-cum-Torghar
KPK,NA-15 ,Abbottabad-I
KPK,NA-15 ,Abbottabad-I
KPK,NA-15 ,Abbottabad-I
KPK,NA-15 ,Abbottabad-I
KPK,NA-15 ,Abbottabad-I
KPK,NA-15 ,Abbottabad-I
KPK,NA-15 ,Abbottabad-I
KPK,NA-15 ,Abbottabad-I
KPK,NA-15 ,Abbottabad-I
KPK,NA-15 ,Abbottabad-I
KPK,NA-15 ,Abbottabad-I
KPK,NA-15 ,Abbottabad-I
KPK,NA-15 ,Abbottabad-I
KPK,NA-16 ,Abbottabad-II
KPK,NA-16 ,Abbottabad-II
KPK,NA-16 ,Abbottabad-II
KPK,NA-16 ,Abbottabad-II
KPK,NA-16 ,Abbottabad-II
KPK,NA-16 ,Abbottabad-II
KPK,NA-16 ,Abbottabad-II
KPK,NA-16 ,Abbottabad-II
KPK,NA-16 ,Abbottabad-II
KPK,NA-16 ,Abbottabad-II
KPK,NA-16 ,Abbottabad-II
KPK,NA-16 ,Abbottabad-II
KPK,NA-16 ,Abbottabad-II
KPK,NA-16 ,Abbottabad-II
KPK,NA-16 ,Abbottabad-II
KPK,NA-16 ,Abbottabad-II
KPK,NA-16 ,Abbottabad-II
KPK,NA-16 ,Abbottabad-II
KPK,NA-17 ,Haripur
KPK,NA-17 ,Haripur
KPK,NA-17 ,Haripur
KPK,NA-17 ,Haripur
KPK,NA-17 ,Haripur
KPK,NA-17 ,Haripur
KPK,NA-17 ,Haripur
KPK,NA-17 ,Haripur
KPK,NA-17 ,Haripur
KPK,NA-17 ,Haripur
KPK,NA-17 ,Haripur
KPK,NA-17 ,Haripur
KPK,NA-17 ,Haripur
KPK,NA-18 ,Swabi-I
KPK,NA-18 ,Swabi-I
KPK,NA-18 ,Swabi-I
KPK,NA-18 ,Swabi-I
KPK,NA-18 ,Swabi-I
KPK,NA-18 ,Swabi-I
KPK,NA-18 ,Swabi-I
KPK,NA-18 ,Swabi-I
KPK,NA-18 ,Swabi-I
KPK,NA-18 ,Swabi-I
KPK,NA-18 ,Swabi-I
KPK,NA-18 ,Swabi-I
KPK,NA-18 ,Swabi-I
KPK,NA-18 ,Swabi-I
KPK,NA-19 ,Swabi-II
KPK,NA-19 ,Swabi-II
KPK,NA-19 ,Swabi-II
KPK,NA-19 ,Swabi-II
KPK,NA-19 ,Swabi-II
KPK,NA-19 ,Swabi-II
KPK,NA-19 ,Swabi-II
KPK,NA-19 ,Swabi-II
KPK,NA-19 ,Swabi-II
KPK,NA-20 ,Mardan-I
KPK,NA-20 ,Mardan-I
KPK,NA-20 ,Mardan-I
KPK,NA-20 ,Mardan-I
KPK,NA-20 ,Mardan-I
KPK,NA-21 ,Mardan-II
KPK,NA-21 ,Mardan-II
KPK,NA-21 ,Mardan-II
KPK,NA-21 ,Mardan-II
KPK,NA-21 ,Mardan-II
KPK,NA-21 ,Mardan-II
KPK,NA-22 ,Mardan-III
KPK,NA-22 ,Mardan-III
KPK,NA-22 ,Mardan-III
KPK,NA-22 ,Mardan-III
KPK,NA-22 ,Mardan-III
KPK,NA-22 ,Mardan-III
KPK,NA-22 ,Mardan-III
KPK,NA-23 ,Charsadda-I
KPK,NA-23 ,Charsadda-I
KPK,NA-23 ,Charsadda-I
KPK,NA-23 ,Charsadda-I
KPK,NA-23 ,Charsadda-I
KPK,NA-23 ,Charsadda-I
KPK,NA-23 ,Charsadda-I
KPK,NA-24 ,Charsadda-II
KPK,NA-24 ,Charsadda-II
KPK,NA-24 ,Charsadda-II
KPK,NA-24 ,Charsadda-II
KPK,NA-24 ,Charsadda-II
KPK,NA-24 ,Charsadda-II
KPK,NA-24 ,Charsadda-II
KPK,NA-24 ,Charsadda-II
KPK,NA-25 ,Nowshera-I
KPK,NA-25 ,Nowshera-I
KPK,NA-25 ,Nowshera-I
KPK,NA-25 ,Nowshera-I
KPK,NA-25 ,Nowshera-I
KPK,NA-25 ,Nowshera-I
KPK,NA-25 ,Nowshera-I
KPK,NA-25 ,Nowshera-I
KPK,NA-25 ,Nowshera-I
KPK,NA-26 ,Nowshera-II
KPK,NA-26 ,Nowshera-II
KPK,NA-26 ,Nowshera-II
KPK,NA-26 ,Nowshera-II
KPK,NA-26 ,Nowshera-II
KPK,NA-26 ,Nowshera-II
KPK,NA-26 ,Nowshera-II
KPK,NA-26 ,Nowshera-II
KPK,NA-26 ,Nowshera-II
KPK,NA-27 ,Peshawar-I
KPK,NA-27 ,Peshawar-I
KPK,NA-27 ,Peshawar-I
KPK,NA-27 ,Peshawar-I
KPK,NA-27 ,Peshawar-I
KPK,NA-27 ,Peshawar-I
KPK,NA-27 ,Peshawar-I
KPK,NA-27 ,Peshawar-I
KPK,NA-27 ,Peshawar-I
KPK,NA-27 ,Peshawar-I
KPK,NA-28 ,Peshawar-II
KPK,NA-28 ,Peshawar-II
KPK,NA-28 ,Peshawar-II
KPK,NA-28 ,Peshawar-II
KPK,NA-28 ,Peshawar-II
KPK,NA-28 ,Peshawar-II
KPK,NA-29 ,Peshawar-III
KPK,NA-29 ,Peshawar-III
KPK,NA-29 ,Peshawar-III
KPK,NA-29 ,Peshawar-III
KPK,NA-29 ,Peshawar-III
KPK,NA-30,Peshawar-IV
KPK,NA-30,Peshawar-IV
KPK,NA-30,Peshawar-IV
KPK,NA-30,Peshawar-IV
KPK,NA-30,Peshawar-IV
KPK,NA-30,Peshawar-IV
KPK,NA-30,Peshawar-IV
KPK,NA-30,Peshawar-IV
KPK,NA-31 ,Peshawar-V
KPK,NA-31 ,Peshawar-V
KPK,NA-31 ,Peshawar-V
KPK,NA-31 ,Peshawar-V
KPK,NA-31 ,Peshawar-V
KPK,NA-31 ,Peshawar-V
KPK,NA-31 ,Peshawar-V
KPK,NA-31 ,Peshawar-V
KPK,NA-31 ,Peshawar-V
KPK,NA-31 ,Peshawar-V
KPK,NA-31 ,Peshawar-V
KPK,NA-31 ,Peshawar-V
KPK,NA-31 ,Peshawar-V
KPK,NA-32 ,Kohat
KPK,NA-32 ,Kohat
KPK,NA-32 ,Kohat
KPK,NA-32 ,Kohat
KPK,NA-32 ,Kohat
KPK,NA-32 ,Kohat
KPK,NA-32 ,Kohat
KPK,NA-32 ,Kohat
KPK,NA-32 ,Kohat
KPK,NA-32 ,Kohat
KPK,NA-33 ,Hangu
KPK,NA-33 ,Hangu
KPK,NA-33 ,Hangu
KPK,NA-33 ,Hangu
KPK,NA-33 ,Hangu
KPK,NA-33 ,Hangu
KPK,NA-33 ,Hangu
KPK,NA-33 ,Hangu
KPK,NA-33 ,Hangu
KPK,NA-33 ,Hangu
KPK,NA-33 ,Hangu
KPK,NA-33 ,Hangu
KPK,NA-33 ,Hangu
KPK,NA-34 ,Karak
KPK,NA-34 ,Karak
KPK,NA-34 ,Karak
KPK,NA-34 ,Karak
KPK,NA-34 ,Karak
KPK,NA-34 ,Karak
KPK,NA-34 ,Karak
KPK,NA-34 ,Karak
KPK,NA-34 ,Karak
KPK,NA-34 ,Karak
KPK,NA-34 ,Karak
KPK,NA-34 ,Karak
KPK,NA-34 ,Karak
KPK,NA-34 ,Karak
KPK,NA-34 ,Karak
KPK,NA-34 ,Karak
KPK,NA-34 ,Karak
KPK,NA-34 ,Karak
KPK,NA-34 ,Karak
KPK,NA-35 ,Bannu
KPK,NA-35 ,Bannu
KPK,NA-35 ,Bannu
KPK,NA-35 ,Bannu
KPK,NA-35 ,Bannu
KPK,NA-35 ,Bannu
KPK,NA-35 ,Bannu
KPK,NA-35 ,Bannu
KPK,NA-35 ,Bannu
KPK,NA-35 ,Bannu
KPK,NA-35 ,Bannu
KPK,NA-35 ,Bannu
KPK,NA-36 ,LAKKI MARWAT
KPK,NA-36 ,LAKKI MARWAT
KPK,NA-36 ,LAKKI MARWAT
KPK,NA-36 ,LAKKI MARWAT
KPK,NA-36 ,LAKKI MARWAT
KPK,NA-36 ,LAKKI MARWAT
KPK,NA-36 ,LAKKI MARWAT
KPK,NA-36 ,LAKKI MARWAT
KPK,NA-36 ,LAKKI MARWAT
KPK,NA-36 ,LAKKI MARWAT
KPK,NA-36 ,LAKKI MARWAT
KPK,NA-36 ,LAKKI MARWAT
KPK,NA-36 ,LAKKI MARWAT
KPK,NA-36 ,LAKKI MARWAT
KPK,NA-36 ,LAKKI MARWAT
KPK,NA-36 ,LAKKI MARWAT
KPK,NA-36 ,LAKKI MARWAT
KPK,NA-36 ,LAKKI MARWAT
KPK,NA-37,Tank
KPK,NA-37,Tank
KPK,NA-37,Tank
KPK,NA-37,Tank
KPK,NA-37,Tank
KPK,NA-37,Tank
KPK,NA-37,Tank
KPK,NA-37,Tank
KPK,NA-37,Tank
KPK,NA-37,Tank
KPK,NA-37,Tank
KPK,NA-37,Tank
KPK,NA-37,Tank
KPK,NA-38,Dera Ismail Khan-I
KPK,NA-38,Dera Ismail Khan-I
KPK,NA-38,Dera Ismail Khan-I
KPK,NA-38,Dera Ismail Khan-I
KPK,NA-38,Dera Ismail Khan-I
KPK,NA-38,Dera Ismail Khan-I
KPK,NA-38,Dera Ismail Khan-I
KPK,NA-38,Dera Ismail Khan-I
KPK,NA-38,Dera Ismail Khan-I
KPK,NA-38,Dera Ismail Khan-I
KPK,NA-38,Dera Ismail Khan-I
KPK,NA-38,Dera Ismail Khan-I
KPK,NA-38,Dera Ismail Khan-I
KPK,NA-38,Dera Ismail Khan-I
KPK,NA-38,Dera Ismail Khan-I
KPK,NA-39 ,Dera Ismail Khan-II
KPK,NA-39 ,Dera Ismail Khan-II
KPK,NA-39 ,Dera Ismail Khan-II
KPK,NA-39 ,Dera Ismail Khan-II
KPK,NA-39 ,Dera Ismail Khan-II
KPK,NA-39 ,Dera Ismail Khan-II
KPK,NA-39 ,Dera Ismail Khan-II
KPK,NA-39 ,Dera Ismail Khan-II
KPK,NA-39 ,Dera Ismail Khan-II
KPK,NA-39 ,Dera Ismail Khan-II
KPK,NA-39 ,Dera Ismail Khan-II
KPK,NA-39 ,Dera Ismail Khan-II
KPK,NA-39 ,Dera Ismail Khan-II
KPK,NA-39 ,Dera Ismail Khan-II
KPK,NA-39 ,Dera Ismail Khan-II
KPK,NA-40 ,Tribal Area-I
KPK,NA-40 ,Tribal Area-I
KPK,NA-40 ,Tribal Area-I
KPK,NA-40 ,Tribal Area-I
KPK,NA-40 ,Tribal Area-I
KPK,NA-40 ,Tribal Area-I
KPK,NA-40 ,Tribal Area-I
KPK,NA-40 ,Tribal Area-I
KPK,NA-40 ,Tribal Area-I
KPK,NA-40 ,Tribal Area-I
KPK,NA-40 ,Tribal Area-I
KPK,NA-40 ,Tribal Area-I
KPK,NA-40 ,Tribal Area-I
KPK,NA-40 ,Tribal Area-I
KPK,NA-41 ,Tribal Area - II
KPK,NA-41 ,Tribal Area - II
KPK,NA-41 ,Tribal Area - II
KPK,NA-41 ,Tribal Area - II
KPK,NA-41 ,Tribal Area - II
KPK,NA-41 ,Tribal Area - II
KPK,NA-41 ,Tribal Area - II
KPK,NA-41 ,Tribal Area - II
KPK,NA-41 ,Tribal Area - II
KPK,NA-41 ,Tribal Area - II
KPK,NA-41 ,Tribal Area - II
KPK,NA-41 ,Tribal Area - II
KPK,NA-42 ,Tribal Area - III
KPK,NA-42 ,Tribal Area - III
KPK,NA-42 ,Tribal Area - III
KPK,NA-42 ,Tribal Area - III
KPK,NA-42 ,Tribal Area - III
KPK,NA-42 ,Tribal Area - III
KPK,NA-42 ,Tribal Area - III
KPK,NA-42 ,Tribal Area - III
KPK,NA-42 ,Tribal Area - III
KPK,NA-42 ,Tribal Area - III
KPK,NA-42 ,Tribal Area - III
KPK,NA-42 ,Tribal Area - III
KPK,NA-42 ,Tribal Area - III
KPK,NA-42 ,Tribal Area - III
KPK,NA-42 ,Tribal Area - III
KPK,NA-42 ,Tribal Area - III
KPK,NA-42 ,Tribal Area - III
KPK,NA-42 ,Tribal Area - III
KPK,NA-43 ,Tribal Area - IV
KPK,NA-43 ,Tribal Area - IV
KPK,NA-43 ,Tribal Area - IV
KPK,NA-43 ,Tribal Area - IV
KPK,NA-43 ,Tribal Area - IV
KPK,NA-43 ,Tribal Area - IV
KPK,NA-43 ,Tribal Area - IV
KPK,NA-43 ,Tribal Area - IV
KPK,NA-43 ,Tribal Area - IV
KPK,NA-43 ,Tribal Area - IV
KPK,NA-43 ,Tribal Area - IV
KPK,NA-43 ,Tribal Area - IV
KPK,NA-43 ,Tribal Area - IV
KPK,NA-43 ,Tribal Area - IV
KPK,NA-43 ,Tribal Area - IV
KPK,NA-43 ,Tribal Area - IV
KPK,NA-43 ,Tribal Area - IV
KPK,NA-43 ,Tribal Area - IV
KPK,NA-44 ,Tribal Area - V
KPK,NA-44 ,Tribal Area - V
KPK,NA-44 ,Tribal Area - V
KPK,NA-44 ,Tribal Area - V
KPK,NA-44 ,Tribal Area - V
KPK,NA-44 ,Tribal Area - V
KPK,NA-44 ,Tribal Area - V
KPK,NA-44 ,Tribal Area - V
KPK,NA-44 ,Tribal Area - V
KPK,NA-44 ,Tribal Area - V
KPK,NA-44 ,Tribal Area - V
KPK,NA-44 ,Tribal Area - V
KPK,NA-44 ,Tribal Area - V
KPK,NA-44 ,Tribal Area - V
KPK,NA-44 ,Tribal Area - V
KPK,NA-44 ,Tribal Area - V
KPK,NA-44 ,Tribal Area - V
KPK,NA-44 ,Tribal Area - V
KPK,NA-44 ,Tribal Area - V
KPK,NA-44 ,Tribal Area - V
KPK,NA-44 ,Tribal Area - V
KPK,NA-44 ,Tribal Area - V
KPK,NA-44 ,Tribal Area - V
KPK,NA-44 ,Tribal Area - V
KPK,NA-44 ,Tribal Area - V
KPK,NA-44 ,Tribal Area - V
KPK,NA-45 ,Tribal Area - VI
KPK,NA-45 ,Tribal Area - VI
KPK,NA-45 ,Tribal Area - VI
KPK,NA-45 ,Tribal Area - VI
KPK,NA-45 ,Tribal Area - VI
KPK,NA-45 ,Tribal Area - VI
KPK,NA-45 ,Tribal Area - VI
KPK,NA-45 ,Tribal Area - VI
KPK,NA-45 ,Tribal Area - VI
KPK,NA-45 ,Tribal Area - VI
KPK,NA-45 ,Tribal Area - VI
KPK,NA-45 ,Tribal Area - VI
KPK,NA-45 ,Tribal Area - VI
KPK,NA-45 ,Tribal Area - VI
KPK,NA-45 ,Tribal Area - VI
KPK,NA-45 ,Tribal Area - VI
KPK,NA-45 ,Tribal Area - VI
KPK,NA-45 ,Tribal Area - VI
KPK,NA-45 ,Tribal Area - VI
KPK,NA-45 ,Tribal Area - VI
KPK,NA-45 ,Tribal Area - VI
KPK,NA-45 ,Tribal Area - VI
KPK,NA-45 ,Tribal Area - VI
KPK,NA-45 ,Tribal Area - VI
KPK,NA-45 ,Tribal Area - VI
KPK,NA-45 ,Tribal Area - VI
KPK,NA-45 ,Tribal Area - VI
KPK,NA-45 ,Tribal Area - VI
KPK,NA-45 ,Tribal Area - VI
KPK,NA-45 ,Tribal Area - VI
KPK,NA-45 ,Tribal Area - VI
KPK,NA-45 ,Tribal Area - VI
KPK,NA-45 ,Tribal Area - VI
KPK,NA-45 ,Tribal Area - VI
KPK,NA-45 ,Tribal Area - VI
KPK,NA-45 ,Tribal Area - VI
KPK,NA-45 ,Tribal Area - VI
KPK,NA-45 ,Tribal Area - VI
KPK,NA-46 ,Tribal Area - VII 
KPK,NA-46 ,Tribal Area - VII 
KPK,NA-46 ,Tribal Area - VII 
KPK,NA-46 ,Tribal Area - VII 
KPK,NA-46 ,Tribal Area - VII 
KPK,NA-46 ,Tribal Area - VII 
KPK,NA-46 ,Tribal Area - VII 
KPK,NA-46 ,Tribal Area - VII 
KPK,NA-46 ,Tribal Area - VII 
KPK,NA-46 ,Tribal Area - VII 
KPK,NA-46 ,Tribal Area - VII 
KPK,NA-46 ,Tribal Area - VII 
KPK,NA-46 ,Tribal Area - VII 
KPK,NA-46 ,Tribal Area - VII 
KPK,NA-46 ,Tribal Area - VII 
KPK,NA-46 ,Tribal Area - VII 
KPK,NA-46 ,Tribal Area - VII 
KPK,NA-46 ,Tribal Area - VII 
KPK,NA-46 ,Tribal Area - VII 
KPK,NA-46 ,Tribal Area - VII 
KPK,NA-46 ,Tribal Area - VII 
KPK,NA-46 ,Tribal Area - VII 
KPK,NA-46 ,Tribal Area - VII 
KPK,NA-46 ,Tribal Area - VII 
KPK,NA-46 ,Tribal Area - VII 
KPK,NA-47 ,Tribal Area - VIII 
KPK,NA-47 ,Tribal Area - VIII 
KPK,NA-47 ,Tribal Area - VIII 
KPK,NA-47 ,Tribal Area - VIII 
KPK,NA-47 ,Tribal Area - VIII 
KPK,NA-47 ,Tribal Area - VIII 
KPK,NA-47 ,Tribal Area - VIII 
KPK,NA-47 ,Tribal Area - VIII 
KPK,NA-47 ,Tribal Area - VIII 
KPK,NA-47 ,Tribal Area - VIII 
KPK,NA-47 ,Tribal Area - VIII 
KPK,NA-47 ,Tribal Area - VIII 
KPK,NA-47 ,Tribal Area - VIII 
KPK,NA-47 ,Tribal Area - VIII 
KPK,NA-47 ,Tribal Area - VIII 
KPK,NA-47 ,Tribal Area - VIII 
KPK,NA-47 ,Tribal Area - VIII 
KPK,NA-47 ,Tribal Area - VIII 
KPK,NA-48 ,TRIBAL AREA-IX NORTH WAZIR1STAN TRIBAL DISTRICT 
KPK,NA-48 ,TRIBAL AREA-IX NORTH WAZIR1STAN TRIBAL DISTRICT 
KPK,NA-48 ,TRIBAL AREA-IX NORTH WAZIR1STAN TRIBAL DISTRICT 
KPK,NA-48 ,TRIBAL AREA-IX NORTH WAZIR1STAN TRIBAL DISTRICT 
KPK,NA-48 ,TRIBAL AREA-IX NORTH WAZIR1STAN TRIBAL DISTRICT 
KPK,NA-48 ,TRIBAL AREA-IX NORTH WAZIR1STAN TRIBAL DISTRICT 
KPK,NA-48 ,TRIBAL AREA-IX NORTH WAZIR1STAN TRIBAL DISTRICT 
KPK,NA-48 ,TRIBAL AREA-IX NORTH WAZIR1STAN TRIBAL DISTRICT 
KPK,NA-48 ,TRIBAL AREA-IX NORTH WAZIR1STAN TRIBAL DISTRICT 
KPK,NA-48 ,TRIBAL AREA-IX NORTH WAZIR1STAN TRIBAL DISTRICT 
KPK,NA-48 ,TRIBAL AREA-IX NORTH WAZIR1STAN TRIBAL DISTRICT 
KPK,NA-48 ,TRIBAL AREA-IX NORTH WAZIR1STAN TRIBAL DISTRICT 
KPK,NA-48 ,TRIBAL AREA-IX NORTH WAZIR1STAN TRIBAL DISTRICT 
KPK,NA-48 ,TRIBAL AREA-IX NORTH WAZIR1STAN TRIBAL DISTRICT 
KPK,NA-48 ,TRIBAL AREA-IX NORTH WAZIR1STAN TRIBAL DISTRICT 
KPK,NA-48 ,TRIBAL AREA-IX NORTH WAZIR1STAN TRIBAL DISTRICT 
KPK,NA-48 ,TRIBAL AREA-IX NORTH WAZIR1STAN TRIBAL DISTRICT 
KPK,NA-48 ,TRIBAL AREA-IX NORTH WAZIR1STAN TRIBAL DISTRICT 
KPK,NA-48 ,TRIBAL AREA-IX NORTH WAZIR1STAN TRIBAL DISTRICT 
KPK,NA-48 ,TRIBAL AREA-IX NORTH WAZIR1STAN TRIBAL DISTRICT 
KPK,NA-48 ,TRIBAL AREA-IX NORTH WAZIR1STAN TRIBAL DISTRICT 
KPK,NA-48 ,TRIBAL AREA-IX NORTH WAZIR1STAN TRIBAL DISTRICT 
KPK,NA-48 ,TRIBAL AREA-IX NORTH WAZIR1STAN TRIBAL DISTRICT 
KPK,NA-48 ,TRIBAL AREA-IX NORTH WAZIR1STAN TRIBAL DISTRICT 
KPK,NA-48 ,TRIBAL AREA-IX NORTH WAZIR1STAN TRIBAL DISTRICT 
KPK,NA-48 ,TRIBAL AREA-IX NORTH WAZIR1STAN TRIBAL DISTRICT 
KPK,NA-48 ,TRIBAL AREA-IX NORTH WAZIR1STAN TRIBAL DISTRICT 
KPK,NA-48 ,TRIBAL AREA-IX NORTH WAZIR1STAN TRIBAL DISTRICT 
KPK,NA-48 ,TRIBAL AREA-IX NORTH WAZIR1STAN TRIBAL DISTRICT 
KPK,NA-48 ,TRIBAL AREA-IX NORTH WAZIR1STAN TRIBAL DISTRICT 
KPK,NA-48 ,TRIBAL AREA-IX NORTH WAZIR1STAN TRIBAL DISTRICT 
KPK,NA-48 ,TRIBAL AREA-IX NORTH WAZIR1STAN TRIBAL DISTRICT 
KPK,NA-48 ,TRIBAL AREA-IX NORTH WAZIR1STAN TRIBAL DISTRICT 
KPK,NA-48 ,TRIBAL AREA-IX NORTH WAZIR1STAN TRIBAL DISTRICT 
KPK,NA-48 ,TRIBAL AREA-IX NORTH WAZIR1STAN TRIBAL DISTRICT 
KPK,NA-49 ,Tribal Area - X
KPK,NA-49 ,Tribal Area - X
KPK,NA-49 ,Tribal Area - X
KPK,NA-49 ,Tribal Area - X
KPK,NA-49 ,Tribal Area - X
KPK,NA-49 ,Tribal Area - X
KPK,NA-49 ,Tribal Area - X
KPK,NA-49 ,Tribal Area - X
KPK,NA-49 ,Tribal Area - X
KPK,NA-49 ,Tribal Area - X
KPK,NA-49 ,Tribal Area - X
KPK,NA-49 ,Tribal Area - X
KPK,NA-49 ,Tribal Area - X
KPK,NA-49 ,Tribal Area - X
KPK,NA-49 ,Tribal Area - X
KPK,NA-49 ,Tribal Area - X
KPK,NA-49 ,Tribal Area - X
KPK,NA-49 ,Tribal Area - X
KPK,NA-49 ,Tribal Area - X
KPK,NA-49 ,Tribal Area - X
KPK,NA-49 ,Tribal Area - X
KPK,NA-49 ,Tribal Area - X
KPK,NA-49 ,Tribal Area - X
KPK,NA-49 ,Tribal Area - X
KPK,NA-49 ,Tribal Area - X
KPK,NA-50 ,Tribal Area - XI
KPK,NA-50 ,Tribal Area - XI
KPK,NA-50 ,Tribal Area - XI
KPK,NA-50 ,Tribal Area - XI
KPK,NA-50 ,Tribal Area - XI
KPK,NA-50 ,Tribal Area - XI
KPK,NA-50 ,Tribal Area - XI
KPK,NA-50 ,Tribal Area - XI
KPK,NA-50 ,Tribal Area - XI
KPK,NA-50 ,Tribal Area - XI
KPK,NA-50 ,Tribal Area - XI
KPK,NA-50 ,Tribal Area - XI
KPK,NA-50 ,Tribal Area - XI
KPK,NA-50 ,Tribal Area - XI
KPK,NA-50 ,Tribal Area - XI
KPK,NA-50 ,Tribal Area - XI
KPK,NA-50 ,Tribal Area - XI
KPK,NA-50 ,Tribal Area - XI
KPK,NA-50 ,Tribal Area - XI
KPK,NA-50 ,Tribal Area - XI
KPK,NA-50 ,Tribal Area - XI
KPK,NA-50 ,Tribal Area - XI
KPK,NA-50 ,Tribal Area - XI
KPK,NA-50 ,Tribal Area - XI
KPK,NA-50 ,Tribal Area - XI
KPK,NA-50 ,Tribal Area - XI
KPK,NA-50 ,Tribal Area - XI
KPK,NA-51 ,Tribal Area - XII
KPK,NA-51 ,Tribal Area - XII
KPK,NA-51 ,Tribal Area - XII
KPK,NA-51 ,Tribal Area - XII
KPK,NA-51 ,Tribal Area - XII
KPK,NA-51 ,Tribal Area - XII
KPK,NA-51 ,Tribal Area - XII
KPK,NA-51 ,Tribal Area - XII
KPK,NA-51 ,Tribal Area - XII
KPK,NA-51 ,Tribal Area - XII
KPK,NA-51 ,Tribal Area - XII
KPK,NA-51 ,Tribal Area - XII
KPK,NA-51 ,Tribal Area - XII
KPK,NA-51 ,Tribal Area - XII
KPK,NA-51 ,Tribal Area - XII
KPK,NA-51 ,Tribal Area - XII
KPK,NA-51 ,Tribal Area - XII
KPK,NA-51 ,Tribal Area - XII
KPK,NA-51 ,Tribal Area - XII
Sindh,NA-196,Jackoabad
Sindh,NA-196,Jackoabad
Sindh,NA-196,Jackoabad
Sindh,NA-196,Jackoabad
Sindh,NA-196,Jackoabad
Sindh,NA-196,Jackoabad
Sindh,NA-196,Jackoabad
Sindh,NA-196,Jackoabad
Sindh,NA-196,Jackoabad
Sindh,NA-196,Jackoabad
Sindh,NA-196,Jackoabad
Sindh,NA-197,Kashmore
Sindh,NA-197,Kashmore
Sindh,NA-197,Kashmore
Sindh,NA-197,Kashmore
Sindh,NA-197,Kashmore
Sindh,NA-197,Kashmore
Sindh,NA-197,Kashmore
Sindh,NA-197,Kashmore
Sindh,NA-197,Kashmore
Sindh,NA-197,Kashmore
Sindh,NA-197,Kashmore
Sindh,NA-197,Kashmore
Sindh,NA-197,Kashmore
Sindh,NA-197,Kashmore
Sindh,NA-197,Kashmore
Sindh,NA-197,Kashmore
Sindh,NA-197,Kashmore
Sindh,NA-197,Kashmore
Sindh,NA-197,Kashmore
Sindh,NA-198,Shikarpur
Sindh,NA-198,Shikarpur
Sindh,NA-198,Shikarpur
Sindh,NA-198,Shikarpur
Sindh,NA-198,Shikarpur
Sindh,NA-198,Shikarpur
Sindh,NA-198,Shikarpur
Sindh,NA-198,Shikarpur
Sindh,NA-198,Shikarpur
Sindh,NA-198,Shikarpur
Sindh,NA-198,Shikarpur
Sindh,NA-198,Shikarpur
Sindh,NA-198,Shikarpur
Sindh,NA-199,Shikarpur-II
Sindh,NA-199,Shikarpur-II
Sindh,NA-199,Shikarpur-II
Sindh,NA-199,Shikarpur-II
Sindh,NA-199,Shikarpur-II
Sindh,NA-199,Shikarpur-II
Sindh,NA-199,Shikarpur-II
Sindh,NA-199,Shikarpur-II
Sindh,NA-200,Larkana-I
Sindh,NA-200,Larkana-I
Sindh,NA-200,Larkana-I
Sindh,NA-200,Larkana-I
Sindh,NA-200,Larkana-I
Sindh,NA-200,Larkana-I
Sindh,NA-200,Larkana-I
Sindh,NA-200,Larkana-I
Sindh,NA-200,Larkana-I
Sindh,NA-200,Larkana-I
Sindh,NA-200,Larkana-I
Sindh,NA-200,Larkana-I
Sindh,NA-200,Larkana-I
Sindh,NA-200,Larkana-I
Sindh,NA-200,Larkana-I
Sindh,NA-200,Larkana-I
Sindh,NA-200,Larkana-I
Sindh,NA-200,Larkana-I
Sindh,NA-201,Larkana-II
Sindh,NA-201,Larkana-II
Sindh,NA-201,larkana-II
Sindh,NA-201,Larkana-II
Sindh,NA-201,Larkana-II
Sindh,NA-201,Larkana-II
Sindh,NA-201,Larkana-II
Sindh,NA-201,larkana-II
Sindh,NA-202,Kamber-Shahdadkot-I
Sindh,NA-202,Kamber-Shahdadkot-I
Sindh,NA-202,Kamber-Shahdadkot-I
Sindh,NA-202,Kamber-Shahdadkot-I
Sindh,NA-202,Kamber-Shahdadkot-I
Sindh,NA-202,Kamber-Shahdadkot-I
Sindh,NA-202,Kamber-Shahdadkot-I
Sindh,NA-202,Kamber-Shahdadkot-I
Sindh,NA-202,Kamber-Shahdadkot-I
Sindh,NA-202,Kamber-Shahdadkot-I
Sindh,NA-202,Kamber-Shahdadkot-I
Sindh,NA-202,Kamber-Shahdadkot-I
Sindh,NA-202,Kamber-Shahdadkot-I
Sindh,NA-203,kamber-Shahdadkot-II
Sindh,NA-203,Kamber-Shahadkot-II
Sindh,NA-203,Kamber-Shahdadkot-II
Sindh,NA-203,Kamber-Shahdadkot-II
Sindh,NA-203,Kamber-Shahdadkot-II
Sindh,NA-203,Kamber-Shahdadkot-II
Sindh,NA-203,kamber-Shahdadkot-II
Sindh,NA-203,Kamber-Shahdadkot-II
Sindh,NA-203,Kamber-Shahdadkot-II
Sindh,NA-203,Kamber-Shahdadkot-II
Sindh,NA-203,Kamber-Shahdadkot-II
Sindh,NA-204,Ghotki-I
Sindh,NA-204,Ghotki-I
Sindh,NA-204,Ghotki-I
Sindh,NA-204,Ghotki-I
Sindh,NA-204,Ghotki-I
Sindh,NA-204,Ghotki-I
Sindh,NA-204,Ghotki-I
Sindh,NA-204,Ghotki-I
Sindh,NA-204,Ghotki-I
Sindh,NA-204,Ghotki-I
Sindh,NA-205,Ghotki-II
Sindh,NA-205,Ghotki-II
Sindh,NA-205,Ghotki-II
Sindh,NA-205,Ghotki-II
Sindh,NA-205,Ghotki-II
Sindh,NA-205,Ghotki-II
Sindh,NA-205,Ghotki-II
Sindh,NA-205,Ghotki-II
Sindh,NA-205,Ghotki-II
Sindh,NA-206,Sukkar-I
Sindh,NA-206,Sukkar-I
Sindh,NA-206,Sukkar-I
Sindh,NA-206,Sukkar-I
Sindh,NA-206,Sukkar-I
Sindh,NA-206,Sukkar-I
Sindh,NA-206,Sukkar-I
Sindh,NA-206,Sukkar-I
Sindh,NA-206,Sukkar-I
Sindh,NA-206,Sukkar-I
Sindh,NA-206,Sukkar-I
Sindh,NA-206,Sukkar-I
Sindh,NA-206,Sukkar-I
Sindh,NA-206,Sukkar-I
Sindh,NA-206,Sukkar-I
Sindh,NA-206,Sukkar-I
Sindh,NA-206,Sukkar-I
Sindh,NA-207,Sukkar-II
Sindh,NA-207,Sukkar-II
Sindh,NA-207,Sukkar-II
Sindh,NA-207,Sukkar-II
Sindh,NA-207,Sukkar-II
Sindh,NA-207,Sukkar-II
Sindh,NA-207,Sukkar-II
Sindh,NA-207,Sukkar-II
Sindh,NA-207,Sukkar-II
Sindh,NA-207,Sukkar-II
Sindh,NA-207,Sukkar-II
Sindh,NA-207,Sukkar-Ii
Sindh,NA-207,Sukkar-Ii
Sindh,NA-207,Sukkar-II
Sindh,NA-207,Sukkar-Ii
Sindh,NA-207,Sukkar-II
Sindh,NA-207,Sukkar-II
Sindh,NA-207,Sukkar-II
Sindh,NA-207,Sukkar-II
Sindh,NA-207,Sukkar-II
Sindh,NA-207,Sukkar-II
Sindh,NA-207,Sukkar-II
Sindh,NA-207,Sukkar-II
Sindh,NA-207,Sukkar-II
Sindh,NA-207,Sukkar-II
Sindh,NA-208,Khairpur-I
Sindh,NA-208,Khairpur-I
Sindh,NA-208,Khairpur-I
Sindh,NA-208,Khairpur-I
Sindh,NA-208,Khairpur-I
Sindh,NA-208,Khairpur-I
Sindh,NA-208,Khairpur-I
Sindh,NA-208,Khairpur-I
Sindh,NA-208,Khairpur-I
Sindh,NA-208,Khairpur-I
Sindh,NA-209,Khairpur-II
Sindh,NA-209,Khairpur-II
Sindh,NA-209,Khairpur-II
Sindh,NA-209,Khairpur-II
Sindh,NA-209,Khairpur-II
Sindh,NA-209,Khairpur-II
Sindh,NA-209,Khairpur-II
Sindh,NA-209,Khairpur-II
Sindh,NA-210,Khairpur-III
Sindh,NA-210,Khairpur-III
Sindh,NA-210,Khairpur-III
Sindh,NA-210,Khairpur-III
Sindh,NA-210,Khairpur-III
Sindh,NA-210,Khairpur-III
Sindh,NA-210,Khairpur-III
Sindh,NA-201,Khairpur-III
Sindh,NA-210,Khairpur-III
Sindh,NA-210,Khairpur-III
Sindh,NA-210,Khairpur-III
Sindh,NA-210,Khairpur-III
Sindh,NA-211,Naushahro Feroze-I
Sindh,NA-211,Naushahro Feroze-I
Sindh,NA-211,Naushahro Feroze-I
Sindh,NA-211,Naushahro Feroze-I
Sindh,NA-211,Naushahro Feroze-I
Sindh,NA-211,Naushahro Feroze-I
Sindh,NA-211,Naushahro Feroze-I
Sindh,NA-211,Naushahro Feroze-I
Sindh,NA-211,Naushahro Feroze-I
Sindh,NA-211,Naushahro Feroze-I
Sindh,NA-211,Naushahro Feroze-I
Sindh,NA-211,Naushahro Feroze-I
Sindh,NA-211,Naushahro Feroze-I
Sindh,NA-211,Naushahro Feroze-I
Sindh,NA-211,Naushahro Feroze-I
Sindh,NA-211,Naushahro Feroze-I
Sindh,NA-211,Naushahro Feroze-I
Sindh,NA-211,Naushahro Feroze-I
Sindh,NA-211,Naushahro Feroze-I
Sindh,NA-211,Naushahro Feroze-I
Sindh,NA-211,Naushahro Feroze-I
Sindh,NA-211,Naushahro Feroze-I
Sindh,NA-212,NF-II
Sindh,NA-212,NF-II
Sindh,NA-212,NF-II
Sindh,NA-212,NF-II
Sindh,NA-212,NF-II
Sindh,NA-212,NF-II
Sindh,NA-212,NF-II
Sindh,NA-212,NF-II
Sindh,NA-212,NF-II
Sindh,NA-212,NF-II
Sindh,NA-212,NF-II
Sindh,NA-212,NF-II
Sindh,NA-212,NF-II
Sindh,NA-212,NF-II
Sindh,NA-213,Shaheed Benazeerabad-i
Sindh,NA-213,Shaheed Benazeerabad-i
Sindh,NA-213,Shaheed Benazeerabad-i
Sindh,NA-213,Shaheed Benazeerabad-i
Sindh,NA-213,Shaheed Benazeerabad-i
Sindh,NA-213,Shaheed Benazeerabad-i
Sindh,NA-213,Shaheed Benazeerabad-i
Sindh,NA-213,Shaheed Benazeerabad-i
Sindh,NA-213,Shaheed Benazeerabad-i
Sindh,NA-213,Shaheed Benazeerabad-i
Sindh,NA-213,Shaheed Benazeerabad-i
Sindh,NA-213,Shaheed Benazeerabad-i
Sindh,NA-213,Shaheed Benazeerabad-i
Sindh,NA-213,Shaheed Benazeerabad-i
Sindh,NA-213,Shaheed Benazeerabad-i
Sindh,NA-213,Shaheed Benazeerabad-i
Sindh,NA-213,Shaheed Benazeerabad-i
Sindh,NA-214,SBA-II
Sindh,NA-214,SBA-II
Sindh,NA-214,SBA-II
Sindh,NA-214,SBA-II
Sindh,NA-214,SBA-II
Sindh,NA-214,SBA-II
Sindh,NA-214,SBA-II
Sindh,NA-214,SBA-II
Sindh,NA-214,SBA-II
Sindh,NA-214,SBA-II
Sindh,NA-214,SBA-II
Sindh,NA-214,SBA-II
Sindh,NA-214,SBA-II
Sindh,NA-214,SBA-II
Sindh,NA-214,SBA-II
Sindh,NA-214,SBA-II
Sindh,NA-214,SBA-II
Sindh,NA-215,Sanghar-1
Sindh,NA-215,Sanghar-1
Sindh,NA-215,Sanghar-1
Sindh,NA-215,Sanghar-1
Sindh,NA-215,Sanghar-1
Sindh,NA-215,Sanghar-1
Sindh,NA-215,Sanghar-1
Sindh,NA-215,Sanghar-1
Sindh,NA-215,Sanghar-1
Sindh,NA-215,Sanghar-1
Sindh,NA-216,Sanghar-ii
Sindh,NA-216,Sanghar-ii
Sindh,NA-216,Sanghar-ii
Sindh,NA-216,Sanghar-ii
Sindh,NA-216,Sanghar-ii
Sindh,NA-216,Sanghar-ii
Sindh,NA-216,Sanghar-ii
Sindh,NA-216,Sanghar-II
Sindh,NA-216,Sanghar-II
Sindh,NA-216,Sanghar-II
Sindh,NA-216,Sanghar-II
Sindh,NA-216,Sanghar-II
Sindh,NA-217,Sanghar-III
Sindh,NA-217,Sanghar-III
Sindh,NA-217,Sanghar-III
Sindh,NA-271,Sanghar-III
Sindh,NA-217,Sanghar-III
Sindh,NA-217,Sanghar-III
Sindh,NA-217,Sanghar-III
Sindh,NA-217,Sanghar-III
Sindh,NA-217,Sanghar-III
Sindh,NA-217,Sanghar-III
Sindh,NA-217,Sanghar-III
Sindh,NA-217,Sanghar-III
Sindh,NA-217,Sanghar-III
Sindh,NA-217,Sanghar-III
Sindh,NA-218,MirpurKhas-I
Sindh,NA-128,MirpurKhas-I
Sindh,NA-128,MirpurKhas-I
Sindh,NA-128,MirpurKhas-I
Sindh,NA-128,MirpurKhas-I
Sindh,NA-128,MirpurKhas-I
Sindh,NA-128,MirpurKhas-I
Sindh,NA-128,MirpurKhas-I
Sindh,NA-128,MirpurKhas-I
Sindh,NA-128,MirpurKhas-I
Sindh,NA-218,MirpurKhas-I
Sindh,NA-218,MirpurKhas-I
Sindh,NA-128,MirpurKhas-I
Sindh,NA-218,MirpurKhas-I
Sindh,NA-218,MirpurKhas-I
Sindh,NA-218,MirpurKhas-I
Sindh,NA-219,MirpurKhas-I
Sindh,NA-219,MirpurKhas-I
Sindh,NA-219,MirpurKhas-I
Sindh,NA-219,MirpurKhas-I
Sindh,NA-219,MirpurKhas-I
Sindh,NA-219,MirpurKhas-I
Sindh,NA-219,MirpurKhas-I
Sindh,NA-219,MirpurKhas-I
Sindh,NA-219,MirpurKhas-I
Sindh,NA-220,Umerkot
Sindh,NA-220,Umerkot
Sindh,NA-220,Umerkot
Sindh,NA-220,Umerkot
Sindh,NA-220,Umerkot
Sindh,NA-220,Umerkot
Sindh,NA-220,Umerkot
Sindh,NA-221,Tharparkar-I
Sindh,NA-221,Tharparkar-I
Sindh,NA-221,Tharparkar-I
Sindh,NA-221,Tharparkar-I
Sindh,NA-221,Tharparkar-I
Sindh,NA-221,Tharparkar-I
Sindh,NA-222,Tharparkar-II
Sindh,NA-222,Tharparkar-II
Sindh,NA-222,Tharparkar-II
Sindh,NA-222,Tharparkar-II
Sindh,NA-222,Tharparkar-II
Sindh,NA-222,Tharparkar-II
Sindh,NA-222,Tharparkar-II
Sindh,NA-222,Tharparkar-II
Sindh,NA-222,Tharparkar-II
Sindh,NA-222,Tharparkar-II
Sindh,NA-222,Tharparkar-II
Sindh,NA-222,Tharparkar-II
Sindh,NA-222,Tharparkar-II
Sindh,NA-222,Tharparkar-Ii
Sindh,NA-223,Matiari
Sindh,NA-223,Matiari
Sindh,NA-223,Matiari
Sindh,NA-223,Matiari
Sindh,NA-223,Matiari
Sindh,NA-223,Matiari
Sindh,NA-223,Matiari
Sindh,NA-223,Matiari
Sindh,NA-223,Matiari
Sindh,NA-223,Matiari
Sindh,NA-223,Matiari
Sindh,NA-223,Matiari
Sindh,NA-223,Matiari
Sindh,NA-223,Matiari
Sindh,NA-224,Tando Allahyar
Sindh,NA-224,Tando Allahyar
Sindh,NA-224,Tando Allahyar
Sindh,NA-224,Tando Allahyar
Sindh,NA-224,Tando Allahyar
Sindh,NA-224,Tando Allahyar
Sindh,NA-224,Tando Allahyar
Sindh,NA-224,Tando Allahyar
Sindh,NA-224,Tando Allahyar
Sindh,NA-224,Tando Allahyar
Sindh,NA-224,Tando Allahyar
Sindh,NA-224,Tando Allahyar
Sindh,NA-224,Tando Allahyar
Sindh,NA-224,Tando Allahyar
Sindh,NA-224,Tando Allahyar
Sindh,NA-224,Tando Allahyar
Sindh,NA-225,Hyderabad-I
Sindh,NA-225,Hyderabad-I
Sindh,NA-225,Hyderabad-I
Sindh,NA-225,Hyderabad-I
Sindh,NA-225,Hyderabad-I
Sindh,NA-225,Hyderabad-I
Sindh,NA-225,Hyderabad-I
Sindh,NA-226,Hyderabad-II
Sindh,NA-226,Hyderabad-II
Sindh,NA-226,Hyderabad-II
Sindh,NA-226,Hyderabad-II
Sindh,NA-226,Hyderabad-II
Sindh,NA-226,Hyderabad-II
Sindh,NA-226,Hyderabad-II
Sindh,NA-226,Hyderabad-II
Sindh,NA-226,Hyderabad-Ii
Sindh,NA-226,Hyderabad-II
Sindh,NA-226,Hyderabad-II
Sindh,NA-226,Hyderabad-II
Sindh,NA-226,Hyderabad-II
Sindh,NA-226,Hyderabad-II
Sindh,NA-227,Hyderabad-III
Sindh,NA-227,Hyderabad-III
Sindh,NA-227,Hyderabad-III
Sindh,NA-227,Hyderabad-III
Sindh,NA-227,Hyderabad-III
Sindh,NA-227,Hyderabad-III
Sindh,NA-227,Hyderabad-III
Sindh,NA-227,Hyderabad-III
Sindh,NA-227,Hyderabad-III
Sindh,NA-227,Hyderabad-III
Sindh,NA-227,Hyderabad-III
Sindh,NA-227,Hyderabad-III
Sindh,NA-228,Tando Muhammad Khan
Sindh,NA-228,Tando Muhammad Khan
Sindh,NA-228,Tando Muhammad Khan
Sindh,NA-228,Tando Muhammad Khan
Sindh,NA-228,Tando Muhammad Khan
Sindh,NA-228,Tando Muhammad Khan
Sindh,NA-228,Tando Muhammad Khan
Sindh,NA-228,Tando Muhammad Khan
Sindh,NA-230,Badin-II
Sindh,NA-230,Badin-II
Sindh,NA-230,Badin-II
Sindh,NA-230,Badin-II
Sindh,NA-230,Badin-II
Sindh,NA-230,Badin-II
Sindh,NA-230,Badin-II
Sindh,NA-231,Sujawal
Sindh,NA-231,Sujawal
Sindh,NA-231,Sujawal
Sindh,NA-231,Sujawal
Sindh,NA-231,Sujawal
Sindh,NA-231,Sujawal
Sindh,NA-231,Sujawal
Sindh,NA-231,Sujawal
Sindh,NA-232,Thatta
Sindh,NA-232,Thatta
Sindh,NA-232,Thatta
Sindh,NA-232,Thatta
Sindh,NA-232,Thatta
Sindh,NA-232,Thatta
Sindh,NA-232,Thatta
Sindh,NA-233,Jamshoro
Sindh,NA-233,Jamshoro
Sindh,NA-233,Jamshoro
Sindh,NA-233,Jamshoro
Sindh,NA-233,Jamshoro
Sindh,NA-233,Jamshoro
Sindh,NA-233,Jamshoro
Sindh,NA-233,Jamshoro
Sindh,NA-233,Jamshoro
Sindh,NA-233,Jamshoro
Sindh,NA-234,Dadu-II
Sindh,NA-234,Dadu-II
Sindh,NA-234,Dadu-II
Sindh,NA-234,Dadu-II
Sindh,NA-234,Dadu-II
Sindh,NA-234,Dadu-II
Sindh,NA-235,Dadu-II
Sindh,NA-235,Dadu-II
Sindh,NA-235,Dadu-II
Sindh,NA-235,Dadu-II
Sindh,NA-235,Dadu-II
Sindh,NA-235,Dadu-II
Sindh,NA-235,Dadu-II
Sindh,NA-235,Dadu-II
Sindh,NA-235,Dadu-II
Sindh,NA-235,Dadu-II
Sindh,NA-236,Malir-I
Sindh,NA-236,Malir-I
Sindh,NA-236,Malir-I
Sindh,NA-236,Malir-I
Sindh,NA-236,Malir-I
Sindh,NA-236,Malir-I
Sindh,NA-236,Malir-I
Sindh,NA-236,Malir-I
Sindh,NA-236,Malir-I
Sindh,NA-236,Malir-I
Sindh,NA-236,Malir-I
Sindh,NA-236,Malir-I
Sindh,NA-236,Malir-I
Sindh,NA-236,Malir-I
Sindh,NA-237,Malir-II
Sindh,NA-237,Malir-II
Sindh,NA-237,Malir-II
Sindh,NA-237,Malir-II
Sindh,NA-237,Malir-II
Sindh,NA-237,Malir-II
Sindh,NA-237,Malir-II
Sindh,NA-237,Malir-II
Sindh,NA-237,Malir-II
Sindh,NA-237,Malir-II
Sindh,NA-237,Malir-II
Sindh,NA-237,Malir-II
Sindh,NA-237,Malir-II
Sindh,NA-237,Malir-II
Sindh,NA-237,Malir-II
Sindh,NA-237,Malir-II
Sindh,NA-238,Malir-III
Sindh,NA-238,Malir-III
Sindh,NA-238,Malir-III
Sindh,NA-238,Malir-III
Sindh,NA-238,Malir-III
Sindh,NA-238,Malir-III
Sindh,NA-238,Malir-III
Sindh,NA-238,Malir-III
Sindh,NA-238,Malir-III
Sindh,NA-238,Malir-III
Sindh,NA-238,Malir-III
Sindh,NA-238,Malir-III
Sindh,NA-238,Malir-III
Sindh,NA-238,Malir-III
Sindh,NA-238,Malir-III
Sindh,NA-238,Malir-III
Sindh,NA-238,Malir-III
Sindh,NA-238,Malir-III
Sindh,NA-238,Malir-III
Sindh,NA-238,Malir-III
Sindh,NA-239,Korangi Karachi-I
Sindh,NA-239,Korangi Karachi-I
Sindh,NA-239,Korangi Karachi-I
Sindh,NA-239,Korangi Karachi-I
Sindh,NA-239,Korangi Karachi-I
Sindh,NA-238,Korangi Karachi-I
Sindh,NA-239,Korangi Karachi-I
Sindh,NA-239,Korangi Karachi-I
Sindh,NA-239,Korangi Karachi-I
Sindh,NA-239,Korangi Karachi-I
Sindh,NA-239,Korangi Karachi-I
Sindh,NA-239,Korangi Karachi-I
Sindh,NA-239,Korangi Karachi-I
Sindh,NA-239,Korangi Karachi-I
Sindh,NA-239,Korangi Karachi-I
Sindh,NA-239,Korangi Karachi-I
Sindh,NA-239,Korangi Karachi-I
Sindh,NA-239,Korangi Karachi-I
Sindh,NA-239,Korangi Karachi-I
Sindh,NA-240,Korangi Karachi-II
Sindh,NA-240,Korangi Karachi-II
Sindh,NA-240,Korangi Karachi-II
Sindh,NA-240,Korangi Karachi-II
Sindh,NA-240,Korangi Karachi-II
Sindh,NA-240,Korangi Karachi-II
Sindh,NA-240,Korangi Karachi-II
Sindh,NA-240,Korangi Karachi-II
Sindh,NA-240,Korangi Karachi-II
Sindh,NA-240,Korangi Karachi-II
Sindh,NA-240,Korangi Karachi-II
Sindh,NA-240,Korangi Karachi-II
Sindh,NA-240,Korangi Karachi-II
Sindh,NA-240,Korangi Karachi-II
Sindh,NA-240,Korangi Karachi-II
Sindh,NA-240,Korangi Karachi-II
Sindh,NA-241,Korangi Karachi-III
Sindh,NA-241,Korangi Karachi-III
Sindh,NA-241,Korangi Karachi-III
Sindh,NA-241,Korangi Karachi-III
Sindh,NA-241,Korangi Karachi-III
Sindh,NA-241,Korangi Karachi-III
Sindh,NA-241,Korangi Karachi-III
Sindh,NA-241,Korangi Karachi-III
Sindh,NA-241,Korangi Karachi-III
Sindh,NA-241,Korangi Karachi-III
Sindh,NA-241,Korangi Karachi-III
Sindh,NA-241,Korangi Karachi-III
Sindh,NA-241,Korangi Karachi-III
Sindh,NA-241,Korangi Karachi-III
Sindh,NA-241,Korangi Karachi-III
Sindh,NA-242,Karachi East-I
Sindh,NA-242,Karachi East-I
Sindh,NA-242,Karachi East-I
Sindh,NA-242,Karachi East-I
Sindh,NA-242,Karachi East-I
Sindh,NA-242,Karachi East-I
Sindh,NA-242,Karachi East-I
Sindh,NA-242,Karachi East-I
Sindh,NA-242,Karachi East-I
Sindh,NA-242,Karachi East-I
Sindh,NA-242,Karachi East-I
Sindh,NA-242,Karachi East-I
Sindh,NA-242,Karachi East-I
Sindh,NA-242,Karachi East-I
Sindh,NA-242,Karachi East-I
Sindh,NA-242,Karachi East-I
Sindh,NA-242,Karachi East-I
Sindh,NA-242,Karachi East-I
Sindh,NA-242,Karachi East-I
Sindh,NA-243,Karachi East-II
Sindh,NA-243,Karachi East-II
Sindh,NA-243,Karachi East-II
Sindh,NA-243,Karachi East-II
Sindh,NA-243,Karachi East-II
Sindh,NA-243,Karachi East-II
Sindh,NA-243,Karachi East-II
Sindh,NA-243,Karachi East-II
Sindh,NA-243,Karachi East-II
Sindh,NA-243,Karachi East-II
Sindh,NA-243,Karachi East-II
Sindh,NA-243,Karachi East-II
Sindh,NA-243,Karachi East-II
Sindh,NA-243,Karachi East-II
Sindh,NA-243,Karachi East-II
Sindh,NA-244,Karachi East-III
Sindh,NA-244,Karachi East-III
Sindh,NA-244,Karachi East-III
Sindh,NA-244,Karachi East-III
Sindh,NA-244,Karachi East-III
Sindh,NA-244,Karachi East-III
Sindh,NA-244,Karachi East-III
Sindh,NA-244,Karachi East-III
Sindh,NA-244,Karachi East-III
Sindh,NA-244,Karachi East-III
Sindh,NA-244,Karachi East-III
Sindh,NA-244,Karachi East-III
Sindh,NA-244,Karachi East-III
Sindh,NA-244,Karachi East-III
Sindh,NA-244,Karachi East-III
Sindh,NA-244,Karachi East-III
Sindh,NA-244,Karachi East-III
Sindh,NA-244,Karachi East-III
Sindh,NA-244,Karachi East-III
Sindh,NA-244,Karachi East-III
Sindh,NA-244,Karachi East-III
Sindh,NA-244,Karachi East-III
Sindh,NA-245,Karachi East-IV
Sindh,NA-245,Karachi East-IV
Sindh,NA-245,Karachi East-IV
Sindh,NA-245,Karachi East-IV
Sindh,NA-245,Karachi East-IV
Sindh,NA-245,Karachi East-IV
Sindh,NA-245,Karachi East-IV
Sindh,NA-245,Karachi East-IV
Sindh,NA-245,Karachi East-IV
Sindh,NA-245,Karachi East-IV
Sindh,NA-245,Karachi East-IV
Sindh,NA-245,Karachi East-IV
Sindh,NA-245,Karachi East-IV
Sindh,NA-245,Karachi East-IV
Sindh,NA-245,Karachi East-IV
Sindh,NA-246,Karachi South-I
Sindh,NA-246,Karachi South-I
Sindh,NA-246,Karachi South-I
Sindh,NA-246,Karachi South-I
Sindh,NA-246,Karachi South-I
Sindh,NA-246,Karachi South-I
Sindh,NA-246,Karachi South-I
Sindh,NA-246,Karachi South-I
Sindh,NA-246,Karachi South-I
Sindh,NA-246,Karachi South-I
Sindh,NA-246,Karachi South-I
Sindh,NA-246,Karachi South-I
Sindh,NA-246,Karachi South-I
Sindh,NA-246,Karachi South-I
Sindh,NA-246,Karachi South-I
Sindh,NA-246,Karachi South-I
Sindh,NA-246,Karachi South-II
Sindh,NA-247,Karachi South-I
Sindh,NA-247,Karachi South-I
Sindh,NA-247,Karachi South-I
Sindh,NA-247,Karachi South-I
Sindh,NA-247,Karachi South-I
Sindh,NA-247,Karachi South-II
Sindh,NA-247,Karachi South-II
Sindh,NA-247,Karachi South-II
Sindh,NA-247,Karachi South-II
Sindh,NA-247,Karachi South-II
Sindh,NA-247,Karachi South-II
Sindh,NA-247,Karachi South-II
Sindh,NA-247,Karachi South-II
Sindh,NA-247,Karachi South-II
Sindh,NA-247,Karachi South-II
Sindh,NA-247,Karachi South-II
Sindh,NA-247,Karachi South-II
Sindh,NA-247,Karachi South-II
Sindh,NA-247,Karachi South-II
Sindh,NA-247,Karachi South-II
Sindh,NA-247,Karachi South-II
Sindh,NA-247,Karachi South-II
Sindh,NA-248,K West-I
Sindh,NA-248,K West-I
Sindh,NA-248,K West-I
Sindh,NA-248,K West-I
Sindh,NA-248,K West-I
Sindh,NA-248,K West-I
Sindh,NA-248,K West-I
Sindh,NA-248,K West-I
Sindh,NA-248,K West-I
Sindh,NA-248,K West-I
Sindh,NA-248,K West-I
Sindh,NA-248,K West-I
Sindh,NA-249,K West-II
Sindh,NA-249,K West-II
Sindh,NA-249,K West-II
Sindh,NA-249,K West-II
Sindh,NA-249,K West-II
Sindh,NA-249,K West-II
Sindh,NA-249,K West-II
Sindh,NA-249,K West-II
Sindh,NA-249,K West-II
Sindh,NA-249,K West-II
Sindh,NA-249,K West-II
Sindh,NA-249,K West-II
Sindh,NA-249,K West-II
Sindh,NA-249,K West-II
Sindh,NA-249,K West-II
Sindh,NA-250,K West-III
Sindh,NA-250,K West-III
Sindh,NA-250,K West-III
Sindh,NA-250,K West-III
Sindh,NA-250,K West-III
Sindh,NA-250,K West-III
Sindh,NA-250,K West-III
Sindh,NA-250,K West-III
Sindh,NA-250,K West-III
Sindh,NA-250,K West-III
Sindh,NA-250,K West-III
Sindh,NA-250,K West-III
Sindh,NA-250,K West-III
Sindh,NA-251,K West-IV
Sindh,NA-251,K West-IV
Sindh,NA-251,K West-IV
Sindh,NA-251,K West-IV
Sindh,NA-251,K West-IV
Sindh,NA-251,K West-IV
Sindh,NA-251,K West-IV
Sindh,NA-251,K West-IV
Sindh,NA-251,K West-IV
Sindh,NA-251,K West-IV
Sindh,NA-251,K West-IV
Sindh,NA-251,K West-IV
Sindh,NA-251,K West-IV
Sindh,NA-252,K West-V
Sindh,NA-252,K West-V
Sindh,NA-252,K West-V
Sindh,NA-252,K West-V
Sindh,NA-252,K West-V
Sindh,NA-252,K West-V
Sindh,NA-252,K West-V
Sindh,NA-252,K West-V
Sindh,NA-252,K West-V
Sindh,NA-252,K West-V
Sindh,NA-252,K West-V
Sindh,NA-252,K West-V
Sindh,NA-252,K West-V
Sindh,NA-252,K West-V
Sindh,NA-252,K West-V
Sindh,NA-252,K West-V
Sindh,NA-253,K Central-I
Sindh,NA-253,K Central-I
Sindh,NA-253,K Central-I
Sindh,NA-253,K Central-I
Sindh,NA-253,K Central-I
Sindh,NA-253,K Central-I
Sindh,NA-253,K Central-I
Sindh,NA-253,K Central-I
Sindh,NA-253,K Central-I
Sindh,NA-253,K Central-I
Sindh,NA-253,K Central-I
Sindh,NA-253,K Central-I
Sindh,NA-253,K Central-I
Sindh,NA-253,K Central-I
Sindh,NA-253,K Central-I
Sindh,NA-253,K Central-I
Sindh,NA-253,K Central-I
Sindh,NA-253,K Central-I
Sindh,NA-253,K Central-I
Sindh,NA-254,K Central-II
Sindh,NA-254,K Central-II
Sindh,NA-254,K Central-II
Sindh,NA-254,K Central-II
Sindh,NA-254,K Central-II
Sindh,NA-254,K Central-II
Sindh,NA-254,K Central-II
Sindh,NA-254,K Central-II
Sindh,NA-254,K Central-II
Sindh,NA-254,K Central-II
Sindh,NA-254,K Central-II
Sindh,NA-254,K Central-II
Sindh,NA-254,K Central-II
Sindh,NA-254,K Central-II
Sindh,NA-254,K Central-II
Sindh,NA-254,K Central-II
Sindh,NA-254,K Central-II
Sindh,NA-255,K Central-III
Sindh,NA-255,K Central-III
Sindh,NA-255,K Central-III
Sindh,NA-255,K Central-III
Sindh,NA-255,K Central-III
Sindh,NA-255,K Central-III
Sindh,NA-255,K Central-III
Sindh,NA-255,K Central-III
Sindh,NA-255,K Central-III
Sindh,NA-255,K Central-III
Sindh,NA-255,K Central-III
Sindh,NA-255,K Central-III
Sindh,NA-255,K Central-III
Sindh,NA-255,K Central-III
Sindh,NA-255,K Central-III
Sindh,NA-256,K Central-IV
Sindh,NA-256,K Central-IV
Sindh,NA-256,K Central-IV
Sindh,NA-256,K Central-IV
Sindh,NA-256,K Central-IV
Sindh,NA-256,K Central-IV
Sindh,NA-256,K Central-IV
Sindh,NA-256,K Central-IV
Sindh,NA-256,K Central-IV
Sindh,NA-256,K Central-IV
Sindh,NA-256,K Central-IV
Sindh,NA-256,K Central-IV
Sindh,NA-256,K Central-IV
Sindh,NA-256,K Central-IV
Sindh,NA-256,K Central-IV
Sindh,NA-256,k central-IV
Punjab,NA-52,Islamabad-I
Punjab,NA-52,Islamabad-I
Punjab,NA-52,Islamabad-I
Punjab,NA-52,Islamabad-I
Punjab,NA-52,Islamabad-I
Punjab,NA-52,Islamabad-I
Punjab,NA-52,Islamabad-I
Punjab,NA-52,Islamabad-I
Punjab,NA-52,Islamabad-I
Punjab,NA-52,Islamabad-I
Punjab,NA-52,Islamabad-I
Punjab,NA-53,Islamabad-II
Punjab,NA-53,Islamabad-II
Punjab,NA-53,Islamabad-II
Punjab,NA-53,Islamabad-II
Punjab,NA-53,Islamabad-II
Punjab,NA-53,Islamabad-II
Punjab,NA-53,Islamabad-II
Punjab,NA-53,Islamabad-II
Punjab,NA-53,Islamabad-II
Punjab,NA-53,Islamabad-II
Punjab,NA-53,Islamabad-II
Punjab,NA-53,Islamabad-II
Punjab,NA-53,Islamabad-II
Punjab,NA-53,Islamabad-II
Punjab,NA-53,Islamabad-II
Punjab,NA-53,Islamabad-II
Punjab,NA-53,Islamabad-II
Punjab,NA-53,Islamabad-II
Punjab,NA-53,Islamabad-II
Punjab,NA-53,Islamabad-II
Punjab,NA-53,Islamabad-II
Punjab,NA-53,Islamabad-II
Punjab,NA-53,Islamabad-II
Punjab,NA-53,Islamabad-II
Punjab,NA-53,Islamabad-II
Punjab,NA-53,Islamabad-II
Punjab,NA-53,Islamabad-II
Punjab,NA-53,Islamabad-II
Punjab,NA-53,Islamabad-II
Punjab,NA-53,Islamabad-II
Punjab,NA-53,Islamabad-II
Punjab,NA-53,Islamabad-II
Punjab,NA-53,Islamabad-II
Punjab,NA-53,Islamabad-II
Punjab,NA-54,Islamabad-III
Punjab,NA-54,Islamabad-III
Punjab,NA-54,Islamabad-III
Punjab,NA-54,Islamabad-III
Punjab,NA-54,Islamabad-III
Punjab,NA-54,Islamabad-III
Punjab,NA-54,Islamabad-III
Punjab,NA-54,Islamabad-III
Punjab,NA-54,Islamabad-III
Punjab,NA-54,Islamabad-III
Punjab,NA-54,Islamabad-III
Punjab,NA-54,Islamabad-III
Punjab,NA-54,Islamabad-III
Punjab,NA-54,Islamabad-III
Punjab,NA-54,Islamabad-III
Punjab,NA-54,Islamabad-III
Punjab,NA-54,Islamabad-III
Punjab,NA-54,Islamabad-III
Punjab,NA-54,Islamabad-III
Punjab,NA-54,Islamabad-III
Punjab,NA-54,Islamabad-III
Punjab,NA-54,Islamabad-III
Punjab,NA-54,Islamabad-III
Punjab,NA-54,Islamabad-III
Punjab,NA-54,Islamabad-III
Punjab,NA-54,Islamabad-III
Punjab,NA-54,Islamabad-III
Punjab,NA-54,Islamabad-III
Punjab,NA-55,Attock-I
Punjab,NA-55,Attock-I
Punjab,NA-55,Attock-I
Punjab,NA-55,Attock-I
Punjab,NA-55,Attock-I
Punjab,NA-55,Attock-I
Punjab,NA-55,Attock-I
Punjab,NA-55,Attock-I
Punjab,NA-56,Attock-II
Punjab,NA-56,Attock-II
Punjab,NA-56,Attock-II
Punjab,NA-56,Attock-II
Punjab,NA-56,Attock-II
Punjab,NA-56,Attock-II
Punjab,NA-56,Attock-II
Punjab,NA-57,RAWALPINDI-I
Punjab,NA-57,RAWALPINDI-I
Punjab,NA-57,RAWALPINDI-I
Punjab,NA-57,RAWALPINDI-I
Punjab,NA-57,RAWALPINDI-I
Punjab,NA-57,RAWALPINDI-I
Punjab,NA-57,RAWALPINDI-I
Punjab,NA-57,RAWALPINDI-I
Punjab,NA-58,Rawalpindi-II
Punjab,NA-58,Rawalpindi-II
Punjab,NA-58,Rawalpindi-II
Punjab,NA-58,Rawalpindi-II
Punjab,NA-58,Rawalpindi-II
Punjab,NA-58,Rawalpindi-II
Punjab,NA-58,Rawalpindi-II
Punjab,NA-58,Rawalpindi-II
Punjab,NA-58,Rawalpindi-II
Punjab,NA-58,Rawalpindi-II
Punjab,NA-59,Rawalpindi-III
Punjab,NA-59,Rawalpindi-III
Punjab,NA-59,Rawalpindi-III
Punjab,NA-59,Rawalpindi-III
Punjab,NA-59,Rawalpindi-III
Punjab,NA-59,Rawalpindi-III
Punjab,NA-59,Rawalpindi-III
Punjab,NA-59,Rawalpindi-III
Punjab,NA-59,Rawalpindi-III
Punjab,NA-59,Rawalpindi-III
Punjab,NA-60,Rawalpindi-IV
Punjab,NA-60,Rawalpindi-IV
Punjab,NA-60,Rawalpindi-IV
Punjab,NA-60,Rawalpindi-IV
Punjab,NA-60,Rawalpindi-IV
Punjab,NA-60,Rawalpindi-IV
Punjab,NA-60,Rawalpindi-IV
Punjab,NA-60,Rawalpindi-IV
Punjab,NA-61,Rawalpindi-V
Punjab,NA-61,Rawalpindi-V
Punjab,NA-61,Rawalpindi-V
Punjab,NA-61,Rawalpindi-V
Punjab,NA-61,Rawalpindi-V
Punjab,NA-61,Rawalpindi-V
Punjab,NA-61,Rawalpindi-V
Punjab,NA-61,Rawalpindi-V
Punjab,NA-61,Rawalpindi-V
Punjab,NA-61,Rawalpindi-V
Punjab,NA-61,Rawalpindi-V
Punjab,NA-61,Rawalpindi-V
Punjab,NA-61,Rawalpindi-V
Punjab,NA-61,Rawalpindi-V
Punjab,NA-61,Rawalpindi-V
Punjab,NA-61,Rawalpindi-V
Punjab,NA-61,Rawalpindi-V
Punjab,NA-61,Rawalpindi-V
Punjab,NA-61,Rawalpindi-V
Punjab,NA-62,Rawalpindi-VI
Punjab,NA-62,Rawalpindi-VI
Punjab,NA-62,Rawalpindi-VI
Punjab,NA-62,Rawalpindi-VI
Punjab,NA-62,Rawalpindi-VI
Punjab,NA-62,Rawalpindi-VI
Punjab,NA-62,Rawalpindi-VI
Punjab,NA-62,Rawalpindi-VI
Punjab,NA-62,Rawalpindi-VI
Punjab,NA-62,Rawalpindi-VI
Punjab,NA-62,Rawalpindi-VI
Punjab,NA-62,Rawalpindi-VI
Punjab,NA-63,Rawalpindi-VII
Punjab,NA-63,Rawalpindi-VII
Punjab,NA-63,Rawalpindi-VII
Punjab,NA-63,Rawalpindi-VII
Punjab,NA-63,Rawalpindi-VII
Punjab,NA-63,Rawalpindi-VII
Punjab,NA-63,Rawalpindi-VII
Punjab,NA-63,Rawalpindi-VII
Punjab,NA-64,Chakwal-I
Punjab,NA-64,Chakwal-I
Punjab,NA-64,Chakwal-I
Punjab,NA-64,Chakwal-I
Punjab,NA-64,Chakwal-I
Punjab,NA-64,Chakwal-I
Punjab,NA-64,Chakwal-I
Punjab,NA-64,Chakwal-I
Punjab,NA-64,Chakwal-I
Punjab,NA-64,Chakwal-I
Punjab,NA-64,Chakwal-I
Punjab,NA-64,Chakwal-I
Punjab,NA-65,Chakwal-II
Punjab,NA-65,Chakwal-II
Punjab,NA-65,Chakwal-II
Punjab,NA-65,Chakwal-II
Punjab,NA-65,Chakwal-II
Punjab,NA-65,Chakwal-II
Punjab,NA-65,Chakwal-II
Punjab,NA-65,Chakwal-II
Punjab,NA-65,Chakwal-II
Punjab,NA-66,Jhelum-I
Punjab,NA-66,Jhelum-I
Punjab,NA-66,Jhelum-I
Punjab,NA-66,Jhelum-I
Punjab,NA-66,Jhelum-I
Punjab,NA-66,Jhelum-I
Punjab,NA-66,Jhelum-I
Punjab,NA-66,Jhelum-I
Punjab,NA-66,Jhelum-I
Punjab,NA-67,Jhelum-II
Punjab,NA-67,Jhelum-II
Punjab,NA-67,Jhelum-II
Punjab,NA-67,Jhelum-II
Punjab,NA-67,Jhelum-II
Punjab,NA-67,Jhelum-II
Punjab,NA-67,Jhelum-II
Punjab,NA-67,Jhelum-II
Punjab,NA-67,Jhelum-II
Punjab,NA-67,Jhelum-II
Punjab,NA-67,Jhelum-II
Punjab,NA-67,Jhelum-II
Punjab,NA-68,Gujrat-I
Punjab,NA-68,Gujrat-I
Punjab,NA-68,Gujrat-I
Punjab,NA-68,Gujrat-I
Punjab,NA-68,Gujrat-I
Punjab,NA-68,Gujrat-I
Punjab,NA-68,Gujrat-I
Punjab,NA-68,Gujrat-I
Punjab,NA-68,Gujrat-I
Punjab,NA-68,Gujrat-I
Punjab,NA-68,Gujrat-I
Punjab,NA-69,Gujrat-II
Punjab,NA-69,Gujrat-II
Punjab,NA-69,Gujrat-II
Punjab,NA-69,Gujrat-II
Punjab,NA-69,Gujrat-II
Punjab,NA-69,Gujrat-II
Punjab,NA-69,Gujrat-II
Punjab,NA-69,Gujrat-II
Punjab,NA-69,Gujrat-II
Punjab,NA-69,Gujrat-II
Punjab,NA-69,Gujrat-II
Punjab,NA-69,Gujrat-II
Punjab,NA-69,Gujrat-II
Punjab,NA-70,Gujrat-III
Punjab,NA-70,Gujrat-III
Punjab,NA-70,Gujrat-III
Punjab,NA-70,Gujrat-III
Punjab,NA-70,Gujrat-III
Punjab,NA-70,Gujrat-III
Punjab,NA-70,Gujrat-III
Punjab,NA-70,Gujrat-III
Punjab,NA-70,Gujrat-III
Punjab,NA-71,Gujrat-IV
Punjab,NA-71,Gujrat-IV
Punjab,NA-71,Gujrat-IV
Punjab,NA-71,Gujrat-IV
Punjab,NA-71,Gujrat-IV
Punjab,NA-71,Gujrat-IV
Punjab,NA-71,Gujrat-IV
Punjab,NA-71,Gujrat-IV
Punjab,NA-71,Gujrat-IV
Punjab,NA-71,Gujrat-IV
Punjab,NA-71,Gujrat-IV
Punjab,NA-71,Gujrat-IV
Punjab,NA-71,Gujrat-IV
Punjab,NA-71,Gujrat-IV
Punjab,NA-72,Sialkot-I
Punjab,NA-72,Sialkot-I
Punjab,NA-72,Sialkot-I
Punjab,NA-72,Sialkot-I
Punjab,NA-72,Sialkot-I
Punjab,NA-72,Sialkot-I
Punjab,NA-72,Sialkot-I
Punjab,NA-72,Sialkot-I
Punjab,NA-72,Sialkot-I
Punjab,NA-72,Sialkot-I
Punjab,NA-73,Sialkot-II
Punjab,NA-73,Sialkot-II
Punjab,NA-73,Sialkot-II
Punjab,NA-73,Sialkot-II
Punjab,NA-73,Sialkot-II
Punjab,NA-73,Sialkot-II
Punjab,NA-73,Sialkot-II
Punjab,NA-73,Sialkot-II
Punjab,NA-73,Sialkot-II
Punjab,NA-73,Sialkot-II
Punjab,NA-74,Sialkot-III
Punjab,NA-74,Sialkot-III
Punjab,NA-74,Sialkot-III
Punjab,NA-74,Sialkot-III
Punjab,NA-74,Sialkot-III
Punjab,NA-74,Sialkot-III
Punjab,NA-74,Sialkot-III
Punjab,NA-74,Sialkot-III
Punjab,NA-74,Sialkot-III
Punjab,NA-74,Sialkot-III
Punjab,NA-74,Sialkot-III
Punjab,NA-75,Sialkot-IV
Punjab,NA-75,Sialkot-IV
Punjab,NA-75,Sialkot-IV
Punjab,NA-75,Sialkot-IV
Punjab,NA-75,Sialkot-IV
Punjab,NA-75,Sialkot-IV
Punjab,NA-75,Sialkot-IV
Punjab,NA-75,Sialkot-IV
Punjab,NA-75,Sialkot-IV
Punjab,NA-75,Sialkot-IV
Punjab,NA-75,Sialkot-IV
Punjab,NA-76,Sialkot-V
Punjab,NA-76,Sialkot-V
Punjab,NA-76,Sialkot-V
Punjab,NA-76,Sialkot-V
Punjab,NA-76,Sialkot-V
Punjab,NA-76,Sialkot-V
Punjab,NA-76,Sialkot-V
Punjab,NA-76,Sialkot-V
Punjab,NA-77,Narowal-I
Punjab,NA-77,Narowal-I
Punjab,NA-77,Narowal-I
Punjab,NA-77,Narowal-I
Punjab,NA-77,Narowal-I
Punjab,NA-77,Narowal-I
Punjab,NA-77,Narowal-I
Punjab,NA-77,Narowal-I
Punjab,NA-77,Narowal-I
Punjab,NA-77,Narowal-I
Punjab,NA-77,Narowal-I
Punjab,NA-77,Narowal-I
Punjab,NA-78,Narowal-II
Punjab,NA-78,Narowal-II
Punjab,NA-78,Narowal-II
Punjab,NA-78,Narowal-II
Punjab,NA-78,Narowal-II
Punjab,NA-78,Narowal-II
Punjab,NA-78,Narowal-II
Punjab,NA-78,Narowal-II
Punjab,NA-78,Narowal-II
Punjab,NA-78,Narowal-II
Punjab,NA-78,Narowal-II
Punjab,NA-78,Narowal-II
Punjab,NA-79,Gujranwala-I
Punjab,NA-79,Gujranwala-I
Punjab,NA-79,Gujranwala-I
Punjab,NA-79,Gujranwala-I
Punjab,NA-79,Gujranwala-I
Punjab,NA-79,Gujranwala-I
Punjab,NA-79,Gujranwala-I
Punjab,NA-79,Gujranwala-I
Punjab,NA-79,Gujranwala-I
Punjab,NA-79,Gujranwala-I
Punjab,NA-79,Gujranwala-I
Punjab,NA-79,Gujranwala-I
Punjab,NA-79,Gujranwala-I
Punjab,NA-79,Gujranwala-I
Punjab,NA-80,Gujranwala-II
Punjab,NA-80,Gujranwala-II
Punjab,NA-80,Gujranwala-II
Punjab,NA-80,Gujranwala-II
Punjab,NA-80,Gujranwala-II
Punjab,NA-80,Gujranwala-II
Punjab,NA-80,Gujranwala-II
Punjab,NA-80,Gujranwala-II
Punjab,NA-80,Gujranwala-II
Punjab,NA-80,Gujranwala-II
Punjab,NA-80,Gujranwala-II
Punjab,NA-80,Gujranwala-II
Punjab,NA-80,Gujranwala-II
Punjab,NA-80,Gujranwala-II
Punjab,NA-80,Gujranwala-II
Punjab,NA-80,Gujranwala-II
Punjab,NA-80,Gujranwala-II
Punjab,NA-81,Gujranwala-III
Punjab,NA-81,Gujranwala-III
Punjab,NA-81,Gujranwala-III
Punjab,NA-81,Gujranwala-III
Punjab,NA-81,Gujranwala-III
Punjab,NA-81,Gujranwala-III
Punjab,NA-81,Gujranwala-III
Punjab,NA-81,Gujranwala-III
Punjab,NA-81,Gujranwala-III
Punjab,NA-81,Gujranwala-III
Punjab,NA-81,Gujranwala-III
Punjab,NA-81,Gujranwala-III
Punjab,NA-81,Gujranwala-III
Punjab,NA-82,Gujranwala-IV
Punjab,NA-82,Gujranwala-IV
Punjab,NA-82,Gujranwala-IV
Punjab,NA-82,Gujranwala-IV
Punjab,NA-82,Gujranwala-IV
Punjab,NA-82,Gujranwala-IV
Punjab,NA-82,Gujranwala-IV
Punjab,NA-82,Gujranwala-IV
Punjab,NA-82,Gujranwala-IV
Punjab,NA-82,Gujranwala-IV
Punjab,NA-82,Gujranwala-IV
Punjab,NA-82,Gujranwala-IV
Punjab,NA-82,Gujranwala-IV
Punjab,NA-82,Gujranwala-IV
Punjab,NA-82,Gujranwala-IV
Punjab,NA-82,Gujranwala-IV
Punjab,NA-82,Gujranwala-IV
Punjab,NA-82,Gujranwala-IV
Punjab,NA-82,Gujranwala-IV
Punjab,NA-83,Gujranwala-V
Punjab,NA-83,Gujranwala-V
Punjab,NA-83,Gujranwala-V
Punjab,NA-83,Gujranwala-V
Punjab,NA-83,Gujranwala-V
Punjab,NA-83,Gujranwala-V
Punjab,NA-83,Gujranwala-V
Punjab,NA-83,Gujranwala-V
Punjab,NA-83,Gujranwala-V
Punjab,NA-83,Gujranwala-V
Punjab,NA-84,Gujranwala-VI
Punjab,NA-84,Gujranwala-VI
Punjab,NA-84,Gujranwala-VI
Punjab,NA-84,Gujranwala-VI
Punjab,NA-84,Gujranwala-VI
Punjab,NA-84,Gujranwala-VI
Punjab,NA-84,Gujranwala-VI
Punjab,NA-84,Gujranwala-VI
Punjab,NA-84,Gujranwala-VI
Punjab,NA-84,Gujranwala-VI
Punjab,NA-84,Gujranwala-VI
Punjab,NA-84,Gujranwala-VI
Punjab,NA-85,Mandi Bahauddin-I
Punjab,NA-85,Mandi Bahauddin-I
Punjab,NA-85,Mandi Bahauddin-I
Punjab,NA-85,Mandi Bahauddin-I
Punjab,NA-85,Mandi Bahauddin-I
Punjab,NA-85,Mandi Bahauddin-I
Punjab,NA-85,Mandi Bahauddin-I
Punjab,NA-85,Mandi Bahauddin-I
Punjab,NA-85,Mandi Bahauddin-I
Punjab,NA-85,Mandi Bahauddin-I
Punjab,NA-85,Mandi Bahauddin-I
Punjab,NA-85,Mandi Bahauddin-I
Punjab,NA-85,Mandi Bahauddin-I
Punjab,NA-86,Mandi Bahauddin-II
Punjab,NA-86,Mandi Bahauddin-II
Punjab,NA-86,Mandi Bahauddin-II
Punjab,NA-86,Mandi Bahauddin-II
Punjab,NA-86,Mandi Bahauddin-II
Punjab,NA-86,Mandi Bahauddin-II
Punjab,NA-86,Mandi Bahauddin-II
Punjab,NA-86,Mandi Bahauddin-II
Punjab,NA-87,Hafizabad-I
Punjab,NA-87,Hafizabad-I
Punjab,NA-87,Hafizabad-I
Punjab,NA-87,Hafizabad-I
Punjab,NA-87,Hafizabad-I
Punjab,NA-87,Hafizabad-I
Punjab,NA-87,Hafizabad-I
Punjab,NA-87,Hafizabad-I
Punjab,NA-87,Hafizabad-I
Punjab,NA-87,Hafizabad-I
Punjab,NA-87,Hafizabad-I
Punjab,NA-87,Hafizabad-I
Punjab,NA-87,Hafizabad-I
Punjab,NA-87,Hafizabad-I
Punjab,NA-87,Hafizabad-I
Punjab,NA-88,Sargodha-I
Punjab,NA-88,Sargodha-I
Punjab,NA-88,Sargodha-I
Punjab,NA-88,Sargodha-I
Punjab,NA-88,Sargodha-I
Punjab,NA-88,Sargodha-I
Punjab,NA-89,Sargodha-II
Punjab,NA-89,Sargodha-II
Punjab,NA-89,Sargodha-II
Punjab,NA-89,Sargodha-II
Punjab,NA-89,Sargodha-II
Punjab,NA-89,Sargodha-II
Punjab,NA-90,Sargodha-III
Punjab,NA-90,Sargodha-III
Punjab,NA-90,Sargodha-III
Punjab,NA-90,Sargodha-III
Punjab,NA-90,Sargodha-III
Punjab,NA-90,Sargodha-III
Punjab,NA-90,Sargodha-III
Punjab,NA-90,Sargodha-III
Punjab,NA-90,Sargodha-III
Punjab,NA-90,Sargodha-III
Punjab,NA-90,Sargodha-III
Punjab,NA-90,Sargodha-III
Punjab,NA-90,Sargodha-III
Punjab,NA-90,Sargodha-III
Punjab,NA-90,Sargodha-III
Punjab,NA-91,Sargodha-IV
Punjab,NA-91,Sargodha-IV
Punjab,NA-91,Sargodha-IV
Punjab,NA-91,Sargodha-IV
Punjab,NA-91,Sargodha-IV
Punjab,NA-91,Sargodha-IV
Punjab,NA-91,Sargodha-IV
Punjab,NA-91,Sargodha-IV
Punjab,NA-91,Sargodha-IV
Punjab,NA-91,Sargodha-IV
Punjab,NA-91,Sargodha-IV
Punjab,NA-91,Sargodha-IV
Punjab,NA-91,Sargodha-IV
Punjab,NA-92,Sargodha-V
Punjab,NA-92,Sargodha-V
Punjab,NA-92,Sargodha-V
Punjab,NA-92,Sargodha-V
Punjab,NA-92,Sargodha-V
Punjab,NA-92,Sargodha-V
Punjab,NA-92,Sargodha-V
Punjab,NA-92,Sargodha-V
Punjab,NA-92,Sargodha-V
Punjab,NA-92,Sargodha-V
Punjab,NA-92,Sargodha-V
Punjab,NA-93,Khushab-I
Punjab,NA-93,Khushab-I
Punjab,NA-93,Khushab-I
Punjab,NA-93,Khushab-I
Punjab,NA-93,Khushab-I
Punjab,NA-93,Khushab-I
Punjab,NA-93,Khushab-I
Punjab,NA-93,Khushab-I
Punjab,NA-94,Khushab-II
Punjab,NA-94,Khushab-II
Punjab,NA-94,Khushab-II
Punjab,NA-94,Khushab-II
Punjab,NA-94,Khushab-II
Punjab,NA-94,Khushab-II
Punjab,NA-94,Khushab-II
Punjab,NA-94,Khushab-II
Punjab,NA-95,Mianwali-I
Punjab,NA-95,Mianwali-I
Punjab,NA-95,Mianwali-I
Punjab,NA-95,Mianwali-I
Punjab,NA-95,Mianwali-I
Punjab,NA-95,Mianwali-I
Punjab,NA-95,Mianwali-I
Punjab,NA-95,Mianwali-I
Punjab,NA-95,Mianwali-I
Punjab,NA-95,Mianwali-I
Punjab,NA-95,Mianwali-I
Punjab,NA-96,Mianwali-II
Punjab,NA-96,Mianwali-II
Punjab,NA-96,Mianwali-II
Punjab,NA-96,Mianwali-II
Punjab,NA-96,Mianwali-II
Punjab,NA-96,Mianwali-II
Punjab,NA-97,Bhakkar-I
Punjab,NA-97,Bhakkar-I
Punjab,NA-97,Bhakkar-I
Punjab,NA-97,Bhakkar-I
Punjab,NA-97,Bhakkar-I
Punjab,NA-97,Bhakkar-I
Punjab,NA-97,Bhakkar-I
Punjab,NA-97,Bhakkar-I
Punjab,NA-97,Bhakkar-I
Punjab,NA-97,Bhakkar-I
Punjab,NA-97,Bhakkar-I
Punjab,NA-97,Bhakkar-I
Punjab,NA-98,Bhakkar-II
Punjab,NA-98,Bhakkar-II
Punjab,NA-98,Bhakkar-II
Punjab,NA-98,Bhakkar-II
Punjab,NA-98,Bhakkar-II
Punjab,NA-98,Bhakkar-II
Punjab,NA-98,Bhakkar-II
Punjab,NA-99,Chiniot-I
Punjab,NA-99,Chiniot-I
Punjab,NA-99,Chiniot-I
Punjab,NA-99,Chiniot-I
Punjab,NA-99,Chiniot-I
Punjab,NA-99,Chiniot-I
Punjab,NA-99,Chiniot-I
Punjab,NA-99,Chiniot-I
Punjab,NA-99,Chiniot-I
Punjab,NA-99,Chiniot-I
Punjab,NA-100,Chiniot-II
Punjab,NA-100,Chiniot-II
Punjab,NA-100,Chiniot-II
Punjab,NA-100,Chiniot-II
Punjab,NA-100,Chiniot-II
Punjab,NA-100,Chiniot-II
Punjab,NA-100,Chiniot-II
Punjab,NA-100,Chiniot-II
Punjab,NA-100,Chiniot-II
Punjab,NA-100,Chiniot-II
Punjab,NA-100,Chiniot-II
Punjab,NA-100,Chiniot-II
Punjab,NA-100,Chiniot-II
Punjab,NA-101,Faisalabad-I
Punjab,NA-101,Faisalabad-I
Punjab,NA-101,Faisalabad-I
Punjab,NA-101,Faisalabad-I
Punjab,NA-101,Faisalabad-I
Punjab,NA-101,Faisalabad-I
Punjab,NA-101,Faisalabad-I
Punjab,NA-101,Faisalabad-I
Punjab,NA-101,Faisalabad-I
Punjab,NA-101,Faisalabad-I
Punjab,NA-101,Faisalabad-I
Punjab,NA-101,Faisalabad-I
Punjab,NA-101,Faisalabad-I
Punjab,NA-101,Faisalabad-I
Punjab,NA-102,Faisalabad-II
Punjab,NA-102,Faisalabad-II
Punjab,NA-102,Faisalabad-II
Punjab,NA-102,Faisalabad-II
Punjab,NA-102,Faisalabad-II
Punjab,NA-102,Faisalabad-II
Punjab,NA-102,Faisalabad-II
Punjab,NA-102,Faisalabad-II
Punjab,NA-102,Faisalabad-II
Punjab,NA-102,Faisalabad-II
Punjab,NA-102,Faisalabad-II
Punjab,NA-102,Faisalabad-II
Punjab,NA-102,Faisalabad-II
Punjab,NA-102,Faisalabad-II
Punjab,NA-102,Faisalabad-II
Punjab,NA-102,Faisalabad-II
Punjab,NA-103,Faisalabad-III
Punjab,NA-103,Faisalabad-III
Punjab,NA-103,Faisalabad-III
Punjab,NA-103,Faisalabad-III
Punjab,NA-103,Faisalabad-III
Punjab,NA-103,Faisalabad-III
Punjab,NA-103,Faisalabad-III
Punjab,NA-103,Faisalabad-III
Punjab,NA-103,Faisalabad-III
Punjab,NA-103,Faisalabad-III
Punjab,NA-104,Faisalabad-IV
Punjab,NA-104,Faisalabad-IV
Punjab,NA-104,Faisalabad-IV
Punjab,NA-104,Faisalabad-IV
Punjab,NA-104,Faisalabad-IV
Punjab,NA-104,Faisalabad-IV
Punjab,NA-104,Faisalabad-IV
Punjab,NA-104,Faisalabad-IV
Punjab,NA-104,Faisalabad-IV
Punjab,NA-104,Faisalabad-IV
Punjab,NA-104,Faisalabad-IV
Punjab,NA-104,Faisalabad-IV
Punjab,NA-104,Faisalabad-IV
Punjab,NA-104,Faisalabad-IV
Punjab,NA-105,Faisalabad-V
Punjab,NA-105,Faisalabad-V
Punjab,NA-105,Faisalabad-V
Punjab,NA-105,Faisalabad-V
Punjab,NA-105,Faisalabad-V
Punjab,NA-105,Faisalabad-V
Punjab,NA-105,Faisalabad-V
Punjab,NA-105,Faisalabad-V
Punjab,NA-105,Faisalabad-V
Punjab,NA-105,Faisalabad-V
Punjab,NA-105,Faisalabad-V
Punjab,NA-105,Faisalabad-V
Punjab,NA-105,Faisalabad-V
Punjab,NA-106,Faisalabad-VI
Punjab,NA-106,Faisalabad-VI
Punjab,NA-106,Faisalabad-VI
Punjab,NA-106,Faisalabad-VI
Punjab,NA-106,Faisalabad-VI
Punjab,NA-106,Faisalabad-VI
Punjab,NA-106,Faisalabad-VI
Punjab,NA-106,Faisalabad-VI
Punjab,NA-107,Faisalabad-VII
Punjab,NA-107,Faisalabad-VII
Punjab,NA-107,Faisalabad-VII
Punjab,NA-107,Faisalabad-VII
Punjab,NA-107,Faisalabad-VII
Punjab,NA-107,Faisalabad-VII
Punjab,NA-107,Faisalabad-VII
Punjab,NA-108,Faisalabad-VIII
Punjab,NA-108,Faisalabad-VIII
Punjab,NA-108,Faisalabad-VIII
Punjab,NA-108,Faisalabad-VIII
Punjab,NA-108,Faisalabad-VIII
Punjab,NA-108,Faisalabad-VIII
Punjab,NA-108,Faisalabad-VIII
Punjab,NA-108,Faisalabad-VIII
Punjab,NA-108,Faisalabad-VIII
Punjab,NA-109,Faisalabad-IX
Punjab,NA-109,Faisalabad-IX
Punjab,NA-109,Faisalabad-IX
Punjab,NA-109,Faisalabad-IX
Punjab,NA-109,Faisalabad-IX
Punjab,NA-109,Faisalabad-IX
Punjab,NA-109,Faisalabad-IX
Punjab,NA-109,Faisalabad-IX
Punjab,NA-109,Faisalabad-IX
Punjab,NA-109,Faisalabad-IX
Punjab,NA-110,Faisalabad-X
Punjab,NA-110,Faisalabad-X
Punjab,NA-110,Faisalabad-X
Punjab,NA-110,Faisalabad-X
Punjab,NA-110,Faisalabad-X
Punjab,NA-110,Faisalabad-X
Punjab,NA-110,Faisalabad-X
Punjab,NA-110,Faisalabad-X
Punjab,NA-110,Faisalabad-X
Punjab,NA-110,Faisalabad-X
Punjab,NA-110,Faisalabad-X
Punjab,NA-111,Toba Tek Singh-I
Punjab,NA-111,Toba Tek Singh-I
Punjab,NA-111,Toba Tek Singh-I
Punjab,NA-111,Toba Tek Singh-I
Punjab,NA-111,Toba Tek Singh-I
Punjab,NA-111,Toba Tek Singh-I
Punjab,NA-111,Toba Tek Singh-I
Punjab,NA-111,Toba Tek Singh-I
Punjab,NA-111,Toba Tek Singh-I
Punjab,NA-111,Toba Tek Singh-I
Punjab,NA-111,Toba Tek Singh-I
Punjab,NA-112,Toba Tek Singh-II
Punjab,NA-112,Toba Tek Singh-II
Punjab,NA-112,Toba Tek Singh-II
Punjab,NA-112,Toba Tek Singh-II
Punjab,NA-112,Toba Tek Singh-II
Punjab,NA-112,Toba Tek Singh-II
Punjab,NA-112,Toba Tek Singh-II
Punjab,NA-112,Toba Tek Singh-II
Punjab,NA-112,Toba Tek Singh-II
Punjab,NA-112,Toba Tek Singh-II
Punjab,NA-112,Toba Tek Singh-II
Punjab,NA-112,Toba Tek Singh-II
Punjab,NA-112,Toba Tek Singh-II
Punjab,NA-112,Toba Tek Singh-II
Punjab,NA-112,Toba Tek Singh-II
Punjab,NA-113,Toba Tek Singh-III
Punjab,NA-113,Toba Tek Singh-III
Punjab,NA-113,Toba Tek Singh-III
Punjab,NA-113,Toba Tek Singh-III
Punjab,NA-113,Toba Tek Singh-III
Punjab,NA-113,Toba Tek Singh-III
Punjab,NA-113,Toba Tek Singh-III
Punjab,NA-113,Toba Tek Singh-III
Punjab,NA-113,Toba Tek Singh-III
Punjab,NA-113,Toba Tek Singh-III
Punjab,NA-113,Toba Tek Singh-III
Punjab,NA-113,Toba Tek Singh-III
Punjab,NA-113,Toba Tek Singh-III
Punjab,NA-113,Toba Tek Singh-III
Punjab,NA-113,Toba Tek Singh-III
Punjab,NA-113,Toba Tek Singh-III
Punjab,NA-113,Toba Tek Singh-III
Punjab,NA-114,JHANG-I
Punjab,NA-114,JHANG-I
Punjab,NA-114,JHANG-I
Punjab,NA-114,JHANG-I
Punjab,NA-114,JHANG-I
Punjab,NA-114,JHANG-I
Punjab,NA-114,JHANG-I
Punjab,NA-114,JHANG-I
Punjab,NA-114,JHANG-I
Punjab,NA-115,JHANG-II
Punjab,NA-115,JHANG-II
Punjab,NA-115,JHANG-II
Punjab,NA-115,JHANG-II
Punjab,NA-115,JHANG-II
Punjab,NA-115,JHANG-II
Punjab,NA-115,JHANG-II
Punjab,NA-115,JHANG-II
Punjab,NA-115,JHANG-II
Punjab,NA-115,JHANG-II
Punjab,NA-115,JHANG-II
Punjab,NA-116,JHANG-III
Punjab,NA-116,JHANG-III
Punjab,NA-116,JHANG-III
Punjab,NA-116,JHANG-III
Punjab,NA-116,JHANG-III
Punjab,NA-116,JHANG-III
Punjab,NA-116,JHANG-III
Punjab,NA-116,JHANG-III
Punjab,NA-116,JHANG-III
Punjab,NA-116,JHANG-III
Punjab,NA-116,JHANG-III
Punjab,NA-116,JHANG-III
Punjab,NA-116,JHANG-III
Punjab,NA-117,NANKANA SAHIB-I
Punjab,NA-117,NANKANA SAHIB-I
Punjab,NA-117,NANKANA SAHIB-I
Punjab,NA-117,NANKANA SAHIB-I
Punjab,NA-117,NANKANA SAHIB-I
Punjab,NA-117,NANKANA SAHIB-I
Punjab,NA-117,NANKANA SAHIB-I
Punjab,NA-117,NANKANA SAHIB-I
Punjab,NA-117,NANKANA SAHIB-I
Punjab,NA-117,NANKANA SAHIB-I
Punjab,NA-117,NANKANA SAHIB-I
Punjab,NA-118,NANKANA SAHIB-II
Punjab,NA-118,NANKANA SAHIB-II
Punjab,NA-118,NANKANA SAHIB-II
Punjab,NA-118,NANKANA SAHIB-II
Punjab,NA-118,NANKANA SAHIB-II
Punjab,NA-118,NANKANA SAHIB-II
Punjab,NA-118,NANKANA SAHIB-II
Punjab,NA-118,NANKANA SAHIB-II
Punjab,NA-118,NANKANA SAHIB-II
Punjab,NA-118,NANKANA SAHIB-II
Punjab,NA-119 ,Sheikhupura-I
Punjab,NA-119 ,Sheikhupura-I
Punjab,NA-119 ,Sheikhupura-I
Punjab,NA-119 ,Sheikhupura-I
Punjab,NA-119 ,Sheikhupura-I
Punjab,NA-119 ,Sheikhupura-I
Punjab,NA-120,Sheikhupura-II
Punjab,NA-120,Sheikhupura-II
Punjab,NA-120,Sheikhupura-II
Punjab,NA-120,Sheikhupura-II
Punjab,NA-120,Sheikhupura-II
Punjab,NA-120,Sheikhupura-II
Punjab,NA-120,Sheikhupura-II
Punjab,NA-120,Sheikhupura-II
Punjab,NA-120,Sheikhupura-II
Punjab,NA-121,Sheikhupura-III
Punjab,NA-121,Sheikhupura-III
Punjab,NA-121,Sheikhupura-III
Punjab,NA-121,Sheikhupura-III
Punjab,NA-121,Sheikhupura-III
Punjab,NA-121,Sheikhupura-III
Punjab,NA-121,Sheikhupura-III
Punjab,NA-121,Sheikhupura-III
Punjab,NA-121,Sheikhupura-III
Punjab,NA-121,Sheikhupura-III
Punjab,NA-121,Sheikhupura-III
Punjab,NA-121,Sheikhupura-III
Punjab,NA-121,Sheikhupura-III
Punjab,NA-121,Sheikhupura-III
Punjab,NA-121,Sheikhupura-III
Punjab,NA-122,Sheikhupura-IV
Punjab,NA-122,Sheikhupura-IV
Punjab,NA-122,Sheikhupura-IV
Punjab,NA-122,Sheikhupura-IV
Punjab,NA-122,Sheikhupura-IV
Punjab,NA-122,Sheikhupura-IV
Punjab,NA-122,Sheikhupura-IV
Punjab,NA-122,Sheikhupura-IV
Punjab,NA-122,Sheikhupura-IV
Punjab,NA-122,Sheikhupura-IV
Punjab,NA-122,Sheikhupura-IV
Punjab,NA-122,Sheikhupura-IV
Punjab,NA-122,Sheikhupura-IV
Punjab,NA-122,Sheikhupura-IV
Punjab,NA-122,Sheikhupura-IV
Punjab,NA-122,Sheikhupura-IV
Punjab,NA-122,Sheikhupura-IV
Punjab,NA-122,Sheikhupura-IV
Punjab,NA-122,Sheikhupura-IV
Punjab,NA-122,Sheikhupura-IV
Punjab,NA-122,Sheikhupura-IV
Punjab,NA-123,Lahore-I
Punjab,NA-123,Lahore-I
Punjab,NA-123,Lahore-I
Punjab,NA-123,Lahore-I
Punjab,NA-123,Lahore-I
Punjab,NA-123,Lahore-I
Punjab,NA-123,Lahore-I
Punjab,NA-123,Lahore-I
Punjab,NA-123,Lahore-I
Punjab,NA-123,Lahore-I
Punjab,NA-123,Lahore-I
Punjab,NA-123,Lahore-I
Punjab,NA-123,Lahore-I
Punjab,NA-124,Lahore-II
Punjab,NA-124,Lahore-II
Punjab,NA-124,Lahore-II
Punjab,NA-124,Lahore-II
Punjab,NA-124,Lahore-II
Punjab,NA-124,Lahore-II
Punjab,NA-124,Lahore-II
Punjab,NA-125,Lahore-III
Punjab,NA-125,Lahore-III
Punjab,NA-125,Lahore-III
Punjab,NA-125,Lahore-III
Punjab,NA-125,Lahore-III
Punjab,NA-125,Lahore-III
Punjab,NA-125,Lahore-III
Punjab,NA-125,Lahore-III
Punjab,NA-125,Lahore-III
Punjab,NA-125,Lahore-III
Punjab,NA-125,Lahore-III
Punjab,NA-125,Lahore-III
Punjab,NA-125,Lahore-III
Punjab,NA-125,Lahore-III
Punjab,NA-126,Lahore-IV
Punjab,NA-126,Lahore-IV
Punjab,NA-126,Lahore-IV
Punjab,NA-126,Lahore-IV
Punjab,NA-126,Lahore-IV
Punjab,NA-127,Lahore-V
Punjab,NA-127,Lahore-V
Punjab,NA-127,Lahore-V
Punjab,NA-127,Lahore-V
Punjab,NA-127,Lahore-V
Punjab,NA-127,Lahore-V
Punjab,NA-127,Lahore-V
Punjab,NA-127,Lahore-V
Punjab,NA-127,Lahore-V
Punjab,NA-127,Lahore-V
Punjab,NA-128,Lahore-VI
Punjab,NA-128,Lahore-VI
Punjab,NA-128,Lahore-VI
Punjab,NA-128,Lahore-VI
Punjab,NA-128,Lahore-VI
Punjab,NA-128,Lahore-VI
Punjab,NA-128,Lahore-VI
Punjab,NA-128,Lahore-VI
Punjab,NA-128,Lahore-VI
Punjab,NA-128,Lahore-VI
Punjab,NA-128,Lahore-VI
Punjab,NA-128,Lahore-VI
Punjab,NA-128,Lahore-VI
Punjab,NA-128,Lahore-VI
Punjab,NA-129,Lahore-VII
Punjab,NA-129,Lahore-VII
Punjab,NA-129,Lahore-VII
Punjab,NA-129,Lahore-VII
Punjab,NA-129,Lahore-VII
Punjab,NA-129,Lahore-VII
Punjab,NA-129,Lahore-VII
Punjab,NA-129,Lahore-VII
Punjab,NA-129,Lahore-VII
Punjab,NA-129,Lahore-VII
Punjab,NA-129,Lahore-VII
Punjab,NA-130,Lahore-VIII
Punjab,NA-130,Lahore-VIII
Punjab,NA-130,Lahore-VIII
Punjab,NA-130,Lahore-VIII
Punjab,NA-130,Lahore-VIII
Punjab,NA-130,Lahore-VIII
Punjab,NA-130,Lahore-VIII
Punjab,NA-130,Lahore-VIII
Punjab,NA-130,Lahore-VIII
Punjab,NA-130,Lahore-VIII
Punjab,NA-131,Lahore-IX
Punjab,NA-131,Lahore-IX
Punjab,NA-131,Lahore-IX
Punjab,NA-131,Lahore-IX
Punjab,NA-131,Lahore-IX
Punjab,NA-131,Lahore-IX
Punjab,NA-131,Lahore-IX
Punjab,NA-131,Lahore-IX
Punjab,NA-131,Lahore-IX
Punjab,NA-131,Lahore-IX
Punjab,NA-131,Lahore-IX
Punjab,NA-131,Lahore-IX
Punjab,NA-131,Lahore-IX
Punjab,NA-131,Lahore-IX
Punjab,NA-131,Lahore-IX
Punjab,NA-131,Lahore-IX
Punjab,NA-132,Lahore-X
Punjab,NA-132,Lahore-X
Punjab,NA-132,Lahore-X
Punjab,NA-132,Lahore-X
Punjab,NA-132,Lahore-X
Punjab,NA-132,Lahore-X
Punjab,NA-132,Lahore-X
Punjab,NA-132,Lahore-X
Punjab,NA-132,Lahore-X
Punjab,NA-132,Lahore-X
Punjab,NA-132,Lahore-X
Punjab,NA-132,Lahore-X
Punjab,NA-132,Lahore-X
Punjab,NA-132,Lahore-X
Punjab,NA-132,Lahore-X
Punjab,NA-I33,Lahore-XI
Punjab,NA-I33,Lahore-XI
Punjab,NA-I33,Lahore-XI
Punjab,NA-I33,Lahore-XI
Punjab,NA-I33,Lahore-XI
Punjab,NA-I33,Lahore-XI
Punjab,NA-I33,Lahore-XI
Punjab,NA-I33,Lahore-XI
Punjab,NA-I33,Lahore-XI
Punjab,NA-I33,Lahore-XI
Punjab,NA-I33,Lahore-XI
Punjab,NA-I33,Lahore-XI
Punjab,NA-I33,Lahore-XI
Punjab,NA-I33,Lahore-XI
Punjab,NA-I34,Lahore-XII
Punjab,NA-I34,Lahore-XII
Punjab,NA-I34,Lahore-XII
Punjab,NA-I34,Lahore-XII
Punjab,NA-I34,Lahore-XII
Punjab,NA-I34,Lahore-XII
Punjab,NA-I34,Lahore-XII
Punjab,NA-I34,Lahore-XII
Punjab,NA-I34,Lahore-XII
Punjab,NA-I34,Lahore-XII
Punjab,NA-I34,Lahore-XII
Punjab,NA-135,Lahore-XIII
Punjab,NA-135,Lahore-XIII
Punjab,NA-135,Lahore-XIII
Punjab,NA-135,Lahore-XIII
Punjab,NA-135,Lahore-XIII
Punjab,NA-135,Lahore-XIII
Punjab,NA-135,Lahore-XIII
Punjab,NA-135,Lahore-XIII
Punjab,NA-136,Lahore-XIV
Punjab,NA-136,Lahore-XIV
Punjab,NA-136,Lahore-XIV
Punjab,NA-136,Lahore-XIV
Punjab,NA-136,Lahore-XIV
Punjab,NA-136,Lahore-XIV
Punjab,NA-136,Lahore-XIV
Punjab,NA-136,Lahore-XIV
Punjab,NA-136,Lahore-XIV
Punjab,NA-136,Lahore-XIV
Punjab,NA-136,Lahore-XIV
Punjab,NA-136,Lahore-XIV
Punjab,NA-136,Lahore-XIV
Punjab,NA-136,Lahore-XIV
Punjab,NA-136,Lahore-XIV
Punjab,NA-137,Kasur-I
Punjab,NA-137,Kasur-I
Punjab,NA-137,Kasur-I
Punjab,NA-137,Kasur-I
Punjab,NA-137,Kasur-I
Punjab,NA-137,Kasur-I
Punjab,NA-137,Kasur-I
Punjab,NA-137,Kasur-I
Punjab,NA-137,Kasur-I
Punjab,NA-137,Kasur-I
Punjab,NA-137,Kasur-I
Punjab,NA-137,Kasur-I
Punjab,NA-137,Kasur-I
Punjab,NA-137,Kasur-I
Punjab,NA-137,Kasur-I
Punjab,NA-137,Kasur-I
Punjab,NA-137,Kasur-I
Punjab,NA-137,Kasur-I
Punjab,NA-137,Kasur-I
Punjab,NA-138,Kasur-II
Punjab,NA-138,Kasur-II
Punjab,NA-138,Kasur-II
Punjab,NA-138,Kasur-II
Punjab,NA-138,Kasur-II
Punjab,NA-138,Kasur-II
Punjab,NA-138,Kasur-II
Punjab,NA-138,Kasur-II
Punjab,NA-138,Kasur-II
Punjab,NA-138,Kasur-II
Punjab,NA-138,Kasur-II
Punjab,NA-138,Kasur-II
Punjab,NA-138,Kasur-II
Punjab,NA-138,Kasur-II
Punjab,NA-139,Kasur-III
Punjab,NA-139,Kasur-III
Punjab,NA-139,Kasur-III
Punjab,NA-139,Kasur-III
Punjab,NA-139,Kasur-III
Punjab,NA-139,Kasur-III
Punjab,NA-139,Kasur-III
Punjab,NA-139,Kasur-III
Punjab,NA-139,Kasur-III
Punjab,NA-139,Kasur-III
Punjab,NA-139,Kasur-III
Punjab,NA-139,Kasur-III
Punjab,NA-139,Kasur-III
Punjab,NA-139,Kasur-III
Punjab,NA-139,Kasur-III
Punjab,NA-139,Kasur-III
Punjab,NA-139,Kasur-III
Punjab,NA-140,Kasur-IV
Punjab,NA-140,Kasur-IV
Punjab,NA-140,Kasur-IV
Punjab,NA-140,Kasur-IV
Punjab,NA-140,Kasur-IV
Punjab,NA-140,Kasur-IV
Punjab,NA-140,Kasur-IV
Punjab,NA-140,Kasur-IV
Punjab,NA-140,Kasur-IV
Punjab,NA-140,Kasur-IV
Punjab,NA-140,Kasur-IV
Punjab,NA-140,Kasur-IV
Punjab,NA-141,Okara-I
Punjab,NA-141,Okara-I
Punjab,NA-141,Okara-I
Punjab,NA-141,Okara-I
Punjab,NA-141,Okara-I
Punjab,NA-141,Okara-I
Punjab,NA-141,Okara-I
Punjab,NA-141,Okara-I
Punjab,NA-141,Okara-I
Punjab,NA-142,Okara II
Punjab,NA-142,Okara II
Punjab,NA-142,Okara II
Punjab,NA-142,Okara II
Punjab,NA-142,Okara II
Punjab,NA-142,Okara II
Punjab,NA-142,Okara II
Punjab,NA-142,Okara II
Punjab,NA-142,Okara II
Punjab,NA-142,Okara II
Punjab,NA-142,Okara II
Punjab,NA-142,Okara II
Punjab,NA-143,Okara-III
Punjab,NA-143,Okara-III
Punjab,NA-143,Okara-III
Punjab,NA-143,Okara-III
Punjab,NA-143,Okara-III
Punjab,NA-143,Okara-III
Punjab,NA-143,Okara-III
Punjab,NA-143,Okara-III
Punjab,NA-143,Okara-III
Punjab,NA-143,Okara-III
Punjab,NA-143,Okara-III
Punjab,NA-143,Okara-III
Punjab,NA-143,Okara-III
Punjab,NA-143,Okara-III
Punjab,NA-144,Okara-IV
Punjab,NA-144,Okara-IV
Punjab,NA-144,Okara-IV
Punjab,NA-144,Okara-IV
Punjab,NA-144,Okara-IV
Punjab,NA-144,Okara-IV
Punjab,NA-144,Okara-IV
Punjab,NA-144,Okara-IV
Punjab,NA-144,Okara-IV
Punjab,NA-144,Okara-IV
Punjab,NA-144,Okara-IV
Punjab,NA-144,Okara-IV
Punjab,NA-144,Okara-IV
Punjab,NA-145,Pakpattan-I
Punjab,NA-145,Pakpattan-I
Punjab,NA-145,Pakpattan-I
Punjab,NA-145,Pakpattan-I
Punjab,NA-145,Pakpattan-I
Punjab,NA-145,Pakpattan-I
Punjab,NA-145,Pakpattan-I
Punjab,NA-145,Pakpattan-I
Punjab,NA-145,Pakpattan-I
Punjab,NA-145,Pakpattan-I
Punjab,NA-146,Pakpattan-II
Punjab,NA-146,Pakpattan-II
Punjab,NA-146,Pakpattan-II
Punjab,NA-146,Pakpattan-II
Punjab,NA-146,Pakpattan-II
Punjab,NA-146,Pakpattan-II
Punjab,NA-146,Pakpattan-II
Punjab,NA-146,Pakpattan-II
Punjab,NA-146,Pakpattan-II
Punjab,NA-146,Pakpattan-II
Punjab,NA-146,Pakpattan-II
Punjab,NA-146,Pakpattan-II
Punjab,NA-146,Pakpattan-II
Punjab,NA-146,Pakpattan-II
Punjab,NA-146,Pakpattan-II
Punjab,NA-146,Pakpattan-II
Punjab,NA-147,Sahiwal-I
Punjab,NA-147,Sahiwal-I
Punjab,NA-147,Sahiwal-I
Punjab,NA-147,Sahiwal-I
Punjab,NA-147,Sahiwal-I
Punjab,NA-147,Sahiwal-I
Punjab,NA-147,Sahiwal-I
Punjab,NA-147,Sahiwal-I
Punjab,NA-147,Sahiwal-I
Punjab,NA-147,Sahiwal-I
Punjab,NA-147,Sahiwal-I
Punjab,NA-147,Sahiwal-I
Punjab,NA-147,Sahiwal-I
Punjab,NA-147,Sahiwal-I
Punjab,NA-147,Sahiwal-I
Punjab,NA-147,Sahiwal-I
Punjab,NA-148,Sahiwal-II
Punjab,NA-148,Sahiwal-II
Punjab,NA-148,Sahiwal-II
Punjab,NA-148,Sahiwal-II
Punjab,NA-148,Sahiwal-II
Punjab,NA-148,Sahiwal-II
Punjab,NA-148,Sahiwal-II
Punjab,NA-148,Sahiwal-II
Punjab,NA-148,Sahiwal-II
Punjab,NA-148,Sahiwal-II
Punjab,NA-149,Sahiwal-III
Punjab,NA-149,Sahiwal-III
Punjab,NA-149,Sahiwal-III
Punjab,NA-149,Sahiwal-III
Punjab,NA-149,Sahiwal-III
Punjab,NA-149,Sahiwal-III
Punjab,NA-149,Sahiwal-III
Punjab,NA-149,Sahiwal-III
Punjab,NA-149,Sahiwal-III
Punjab,NA-149,Sahiwal-III
Punjab,NA-149,Sahiwal-III
Punjab,NA-149,Sahiwal-III
Punjab,NA-150 ,Khanewal-I
Punjab,NA-150 ,Khanewal-I
Punjab,NA-150 ,Khanewal-I
Punjab,NA-150 ,Khanewal-I
Punjab,NA-150 ,Khanewal-I
Punjab,NA-150 ,Khanewal-I
Punjab,NA-150 ,Khanewal-I
Punjab,NA-150 ,Khanewal-I
Punjab,NA-151,Khanewal-II
Punjab,NA-151,Khanewal-II
Punjab,NA-151,Khanewal-II
Punjab,NA-151,Khanewal-II
Punjab,NA-151,Khanewal-II
Punjab,NA-151,Khanewal-II
Punjab,NA-151,Khanewal-II
Punjab,NA-152,Khanewal-III
Punjab,NA-152,Khanewal-III
Punjab,NA-152,Khanewal-III
Punjab,NA-152,Khanewal-III
Punjab,NA-152,Khanewal-III
Punjab,NA-152,Khanewal-III
Punjab,NA-153,Khanewal-IV
Punjab,NA-153,Khanewal-IV
Punjab,NA-153,Khanewal-IV
Punjab,NA-153,Khanewal-IV
Punjab,NA-153,Khanewal-IV
Punjab,NA-153,Khanewal-IV
Punjab,NA-153,Khanewal-IV
Punjab,NA-154,Multan-I
Punjab,NA-154,Multan-I
Punjab,NA-154,Multan-I
Punjab,NA-154,Multan-I
Punjab,NA-154,Multan-I
Punjab,NA-154,Multan-I
Punjab,NA-154,Multan-I
Punjab,NA-154,Multan-I
Punjab,NA-154,Multan-I
Punjab,NA-154,Multan-I
Punjab,NA-154,Multan-I
Punjab,NA-154,Multan-I
Punjab,NA-154,Multan-I
Punjab,NA-155,Multan-II
Punjab,NA-155,Multan-II
Punjab,NA-155,Multan-II
Punjab,NA-155,Multan-II
Punjab,NA-155,Multan-II
Punjab,NA-155,Multan-II
Punjab,NA-155,Multan-II
Punjab,NA-155,Multan-II
Punjab,NA-155,Multan-II
Punjab,NA-155,Multan-II
Punjab,NA-155,Multan-II
Punjab,NA-155,Multan-II
Punjab,NA-155,Multan-II
Punjab,NA-155,Multan-II
Punjab,NA-155,Multan-II
Punjab,NA-155,Multan-II
Punjab,NA-156,Multan-III
Punjab,NA-156,Multan-III
Punjab,NA-156,Multan-III
Punjab,NA-156,Multan-III
Punjab,NA-156,Multan-III
Punjab,NA-156,Multan-III
Punjab,NA-156,Multan-III
Punjab,NA-156,Multan-III
Punjab,NA-156,Multan-III
Punjab,NA-156,Multan-III
Punjab,NA-156,Multan-III
Punjab,NA-156,Multan-III
Punjab,NA-157,Multan-IV
Punjab,NA-157,Multan-IV
Punjab,NA-157,Multan-IV
Punjab,NA-157,Multan-IV
Punjab,NA-157,Multan-IV
Punjab,NA-157,Multan-IV
Punjab,NA-157,Multan-IV
Punjab,NA-157,Multan-IV
Punjab,NA-158,Multan-V
Punjab,NA-158,Multan-V
Punjab,NA-158,Multan-V
Punjab,NA-158,Multan-V
Punjab,NA-158,Multan-V
Punjab,NA-158,Multan-V
Punjab,NA-158,Multan-V
Punjab,NA-159,Multan-VI
Punjab,NA-159,Multan-VI
Punjab,NA-159,Multan-VI
Punjab,NA-159,Multan-VI
Punjab,NA-159,Multan-VI
Punjab,NA-159,Multan-VI
Punjab,NA-159,Multan-VI
Punjab,NA-159,Multan-VI
Punjab,NA-159,Multan-VI
Punjab,NA-159,Multan-VI
Punjab,NA-159,Multan-VI
Punjab,NA-159,Multan-VI
Punjab,NA-159,Multan-VI
Punjab,NA-159,Multan-VI
Punjab,NA-160 ,Lodhran-I
Punjab,NA-160 ,Lodhran-I
Punjab,NA-160 ,Lodhran-I
Punjab,NA-160 ,Lodhran-I
Punjab,NA-160 ,Lodhran-I
Punjab,NA-160,Lodhran-II
Punjab,NA-160,Lodhran-II
Punjab,NA-160,Lodhran-II
Punjab,NA-160,Lodhran-II
Punjab,NA-160,Lodhran-II
Punjab,NA-160,Lodhran-II
Punjab,NA-160,Lodhran-II
Punjab,NA-160,Lodhran-II
Punjab,NA-160,Lodhran-II
Punjab,NA-160,Lodhran-II
Punjab,NA-160,Lodhran-II
Punjab,NA-160,Lodhran-II
Punjab,NA-160,Lodhran-II
Punjab,NA-160,Lodhran-II
Punjab,NA-160,Lodhran-II
Punjab,NA-162,Vehari-I
Punjab,NA-162,Vehari-I
Punjab,NA-162,Vehari-I
Punjab,NA-162,Vehari-I
Punjab,NA-162,Vehari-I
Punjab,NA-162,Vehari-I
Punjab,NA-162,Vehari-I
Punjab,NA-162,Vehari-I
Punjab,NA-162,Vehari-I
Punjab,NA-163,Vehari-II
Punjab,NA-163,Vehari-II
Punjab,NA-163,Vehari-II
Punjab,NA-163,Vehari-II
Punjab,NA-163,Vehari-II
Punjab,NA-163,Vehari-II
Punjab,NA-163,Vehari-II
Punjab,NA-163,Vehari-II
Punjab,NA-163,Vehari-II
Punjab,NA-164,Vehari-III
Punjab,NA-164,Vehari-III
Punjab,NA-164,Vehari-III
Punjab,NA-164,Vehari-III
Punjab,NA-164,Vehari-III
Punjab,NA-164,Vehari-III
Punjab,NA-164,Vehari-III
Punjab,NA-164,Vehari-III
Punjab,NA-164,Vehari-III
Punjab,NA-164,Vehari-III
Punjab,NA-164,Vehari-III
Punjab,NA-164,Vehari-III
Punjab,NA-164,Vehari-III
Punjab,NA-164,Vehari-III
Punjab,NA-165,Vehari-IV
Punjab,NA-165,Vehari-IV
Punjab,NA-165,Vehari-IV
Punjab,NA-165,Vehari-IV
Punjab,NA-165,Vehari-IV
Punjab,NA-165,Vehari-IV
Punjab,NA-165,Vehari-IV
Punjab,NA-165,Vehari-IV
Punjab,NA-165,Vehari-IV
Punjab,NA-166,Bahawalnagar-I
Punjab,NA-166,Bahawalnagar-I
Punjab,NA-166,Bahawalnagar-I
Punjab,NA-166,Bahawalnagar-I
Punjab,NA-166,Bahawalnagar-I
Punjab,NA-166,Bahawalnagar-I
Punjab,NA-166,Bahawalnagar-I
Punjab,NA-167,Bahawalnagar-II
Punjab,NA-167,Bahawalnagar-II
Punjab,NA-167,Bahawalnagar-II
Punjab,NA-167,Bahawalnagar-II
Punjab,NA-167,Bahawalnagar-II
Punjab,NA-167,Bahawalnagar-II
Punjab,NA-167,Bahawalnagar-II
Punjab,NA-167,Bahawalnagar-II
Punjab,NA-167,Bahawalnagar-II
Punjab,NA-167,Bahawalnagar-II
Punjab,NA-167,Bahawalnagar-II
Punjab,NA-167,Bahawalnagar-II
Punjab,NA-167,Bahawalnagar-II
Punjab,NA-167,Bahawalnagar-II
Punjab,NA-168,Bahawalnagar-III
Punjab,NA-168,Bahawalnagar-III
Punjab,NA-168,Bahawalnagar-III
Punjab,NA-168,Bahawalnagar-III
Punjab,NA-168,Bahawalnagar-III
Punjab,NA-168,Bahawalnagar-III
Punjab,NA-168,Bahawalnagar-III
Punjab,NA-168,Bahawalnagar-III
Punjab,NA-168,Bahawalnagar-III
Punjab,NA-169,Bahawalnagar-IV
Punjab,NA-169,Bahawalnagar-IV
Punjab,NA-169,Bahawalnagar-IV
Punjab,NA-169,Bahawalnagar-IV
Punjab,NA-169,Bahawalnagar-IV
Punjab,NA-169,Bahawalnagar-IV
Punjab,NA-169,Bahawalnagar-IV
Punjab,NA-169,Bahawalnagar-IV
Punjab,NA-169,Bahawalnagar-IV
Punjab,NA-169,Bahawalnagar-IV
Punjab,NA-169,Bahawalnagar-IV
Punjab,NA-170,Bahawalpur -I
Punjab,NA-170,Bahawalpur -I
Punjab,NA-170,Bahawalpur -I
Punjab,NA-170,Bahawalpur -I
Punjab,NA-170,Bahawalpur -I
Punjab,NA-170,Bahawalpur -I
Punjab,NA-170,Bahawalpur -I
Punjab,NA-170,Bahawalpur -I
Punjab,NA-170,Bahawalpur -I
Punjab,NA-170,Bahawalpur -I
Punjab,NA-170,Bahawalpur -I
Punjab,NA-170,Bahawalpur -I
Punjab,NA-171,Bahawalpur -II
Punjab,NA-171,Bahawalpur -II
Punjab,NA-171,Bahawalpur -II
Punjab,NA-171,Bahawalpur -II
Punjab,NA-171,Bahawalpur -II
Punjab,NA-171,Bahawalpur -II
Punjab,NA-171,Bahawalpur -II
Punjab,NA-172,Bahawalpur -III
Punjab,NA-172,Bahawalpur -III
Punjab,NA-172,Bahawalpur -III
Punjab,NA-172,Bahawalpur -III
Punjab,NA-172,Bahawalpur -III
Punjab,NA-172,Bahawalpur -III
Punjab,NA-173,Bahawalpur -IV
Punjab,NA-173,Bahawalpur -IV
Punjab,NA-173,Bahawalpur -IV
Punjab,NA-173,Bahawalpur -IV
Punjab,NA-173,Bahawalpur -IV
Punjab,NA-173,Bahawalpur -IV
Punjab,NA-173,Bahawalpur -IV
Punjab,NA-174,Bahawalpur -V
Punjab,NA-174,Bahawalpur -V
Punjab,NA-174,Bahawalpur -V
Punjab,NA-174,Bahawalpur -V
Punjab,NA-174,Bahawalpur -V
Punjab,NA-174,Bahawalpur -V
Punjab,NA-174,Bahawalpur -V
Punjab,NA-174,Bahawalpur -V
Punjab,NA-174,Bahawalpur -V
Punjab,NA-175,RYK-I
Punjab,NA-175,RYK-I
Punjab,NA-175,RYK-I
Punjab,NA-175,RYK-I
Punjab,NA-175,RYK-I
Punjab,NA-175,RYK-I
Punjab,NA-175,RYK-I
Punjab,NA-175,RYK-I
Punjab,NA-175,RYK-I
Punjab,NA-176,RAHIMYARKHAN-II
Punjab,NA-176,RAHIMYARKHAN-II
Punjab,NA-176,RAHIMYARKHAN-II
Punjab,NA-176,RAHIMYARKHAN-II
Punjab,NA-176,RAHIMYARKHAN-II
Punjab,NA-176,RAHIMYARKHAN-II
Punjab,NA-176,RAHIMYARKHAN-II
Punjab,NA-176,RAHIMYARKHAN-II
Punjab,NA-176,RAHIMYARKHAN-II
Punjab,NA-176,RAHIMYARKHAN-II
Punjab,NA-176,RAHIMYARKHAN-II
Punjab,NA-176,RAHIMYARKHAN-II
Punjab,NA-177,RYK-III
Punjab,NA-177,RYK-III
Punjab,NA-177,RYK-III
Punjab,NA-177,RYK-III
Punjab,NA-177,RYK-III
Punjab,NA-177,RYK-III
Punjab,NA-177,RYK-III
Punjab,NA-177,RYK-III
Punjab,NA-177,RYK-III
Punjab,NA-177,RYK-III
Punjab,NA-177,RYK-III
Punjab,NA-177,RYK-III
Punjab,NA-178,RAHIMYARKHAN-IV
Punjab,NA-178,RAHIMYARKHAN-IV
Punjab,NA-178,RAHIMYARKHAN-IV
Punjab,NA-178,RAHIMYARKHAN-IV
Punjab,NA-179,RYK-V
Punjab,NA-179,RYK-V
Punjab,NA-179,RYK-V
Punjab,NA-179,RYK-V
Punjab,NA-179,RYK-V
Punjab,NA-179,RYK-V
Punjab,NA-179,RYK-V
Punjab,NA-179,RYK-V
Punjab,NA-179,RYK-V
Punjab,NA-179,RYK-V
Punjab,NA-179,RYK-V
Punjab,NA-179,RYK-V
Punjab,NA-180,RAHIMYARKHAN-V
Punjab,NA-180,RAHIMYARKHAN-V
Punjab,NA-180,RAHIMYARKHAN-V
Punjab,NA-180,RAHIMYARKHAN-V
Punjab,NA-180,RAHIMYARKHAN-V
Punjab,NA-180,RAHIMYARKHAN-V
Punjab,NA-180,RAHIMYARKHAN-V
Punjab,NA-180,RAHIMYARKHAN-V
Punjab,NA-180,RAHIMYARKHAN-V
Punjab,NA-180,RAHIMYARKHAN-V
Punjab,NA-180,RAHIMYARKHAN-V
Punjab,NA-180,RAHIMYARKHAN-V
Punjab,NA-181, Muzaffargarh-I
Punjab,NA-181, Muzaffargarh-I
Punjab,NA-181, Muzaffargarh-I
Punjab,NA-181, Muzaffargarh-I
Punjab,NA-181, Muzaffargarh-I
Punjab,NA-181, Muzaffargarh-I
Punjab,NA-181, Muzaffargarh-I
Punjab,NA-181, Muzaffargarh-I
Punjab,NA-181, Muzaffargarh-I
Punjab,NA-181, Muzaffargarh-I
Punjab,NA-181, Muzaffargarh-I
Punjab,NA-182, Muzaffargarh-II
Punjab,NA-182, Muzaffargarh-II
Punjab,NA-182, Muzaffargarh-II
Punjab,NA-182, Muzaffargarh-II
Punjab,NA-182, Muzaffargarh-II
Punjab,NA-182, Muzaffargarh-II
Punjab,NA-182, Muzaffargarh-II
Punjab,NA-182, Muzaffargarh-II
Punjab,NA-182, Muzaffargarh-II
Punjab,NA-182, Muzaffargarh-II
Punjab,NA-182, Muzaffargarh-II
Punjab,NA-182, Muzaffargarh-II
Punjab,NA-182, Muzaffargarh-II
Punjab,NA-182, Muzaffargarh-II
Punjab,NA-182, Muzaffargarh-II
Punjab,NA-182, Muzaffargarh-II
Punjab,NA-183, Muzaffargarh-III
Punjab,NA-183, Muzaffargarh-III
Punjab,NA-183, Muzaffargarh-III
Punjab,NA-183, Muzaffargarh-III
Punjab,NA-183, Muzaffargarh-III
Punjab,NA-183, Muzaffargarh-III
Punjab,NA-183, Muzaffargarh-III
Punjab,NA-183, Muzaffargarh-III
Punjab,NA-183, Muzaffargarh-III
Punjab,NA-183, Muzaffargarh-III
Punjab,NA-183, Muzaffargarh-III
Punjab,NA-183, Muzaffargarh-III
Punjab,NA-183, Muzaffargarh-III
Punjab,NA-183, Muzaffargarh-III
Punjab,NA-183, Muzaffargarh-III
Punjab,NA-183, Muzaffargarh-III
Punjab,NA-184, Muzaffargarh-IV
Punjab,NA-184, Muzaffargarh-IV
Punjab,NA-184, Muzaffargarh-IV
Punjab,NA-184, Muzaffargarh-IV
Punjab,NA-184, Muzaffargarh-IV
Punjab,NA-184, Muzaffargarh-IV
Punjab,NA-184, Muzaffargarh-IV
Punjab,NA-184, Muzaffargarh-IV
Punjab,NA-184, Muzaffargarh-IV
Punjab,NA-184, Muzaffargarh-IV
Punjab,NA-184, Muzaffargarh-IV
Punjab,NA-184, Muzaffargarh-IV
Punjab,NA-184, Muzaffargarh-IV
Punjab,NA-184, Muzaffargarh-IV
Punjab,NA-184, Muzaffargarh-IV
Punjab,NA-185, Muzaffargarh-V
Punjab,NA-185, Muzaffargarh-V
Punjab,NA-185, Muzaffargarh-V
Punjab,NA-185, Muzaffargarh-V
Punjab,NA-185, Muzaffargarh-V
Punjab,NA-185, Muzaffargarh-V
Punjab,NA-185, Muzaffargarh-V
Punjab,NA-185, Muzaffargarh-V
Punjab,NA-186, Muzaffargarh-VI
Punjab,NA-186, Muzaffargarh-VI
Punjab,NA-186, Muzaffargarh-VI
Punjab,NA-186, Muzaffargarh-VI
Punjab,NA-186, Muzaffargarh-VI
Punjab,NA-186, Muzaffargarh-VI
Punjab,NA-187, Layyah-I
Punjab,NA-187, Layyah-I
Punjab,NA-187, Layyah-I
Punjab,NA-187, Layyah-I
Punjab,NA-187, Layyah-I
Punjab,NA-187, Layyah-I
Punjab,NA-187, Layyah-I
Punjab,NA-187, Layyah-I
Punjab,NA-187, Layyah-I
Punjab,NA-187, Layyah-I
Punjab,NA-188, Layyah-II
Punjab,NA-188, Layyah-II
Punjab,NA-188, Layyah-II
Punjab,NA-188, Layyah-II
Punjab,NA-188, Layyah-II
Punjab,NA-188, Layyah-II
Punjab,NA-188, Layyah-II
Punjab,NA-188, Layyah-II
Punjab,NA-188, Layyah-II
Punjab,NA-188, Layyah-II
Punjab,NA-188, Layyah-II
Punjab,NA-189,Dera Ghazi Khan-I
Punjab,NA-189,Dera Ghazi Khan-I
Punjab,NA-189,Dera Ghazi Khan-I
Punjab,NA-189,Dera Ghazi Khan-I
Punjab,NA-189,Dera Ghazi Khan-I
Punjab,NA-189,Dera Ghazi Khan-I
Punjab,NA-189,Dera Ghazi Khan-I
Punjab,NA-189,Dera Ghazi Khan-I
Punjab,NA-189,Dera Ghazi Khan-I
Punjab,NA-189,Dera Ghazi Khan-I
Punjab,NA-189,Dera Ghazi Khan-I
Punjab,NA-189,Dera Ghazi Khan-I
Punjab,NA-189,Dera Ghazi Khan-I
Punjab,NA-189,Dera Ghazi Khan-I
Punjab,NA-189,Dera Ghazi Khan-I
Punjab,NA-190,Dera Ghazi Khan-II
Punjab,NA-190,Dera Ghazi Khan-II
Punjab,NA-190,Dera Ghazi Khan-II
Punjab,NA-190,Dera Ghazi Khan-II
Punjab,NA-190,Dera Ghazi Khan-II
Punjab,NA-191,Dera Ghazi Khan-III
Punjab,NA-191,Dera Ghazi Khan-III
Punjab,NA-191,Dera Ghazi Khan-III
Punjab,NA-191,Dera Ghazi Khan-III
Punjab,NA-191,Dera Ghazi Khan-III
Punjab,NA-191,Dera Ghazi Khan-III
Punjab,NA-191,Dera Ghazi Khan-III
Punjab,NA-191,Dera Ghazi Khan-III
Punjab,NA-191,Dera Ghazi Khan-III
Punjab,NA-191,Dera Ghazi Khan-III
Punjab,NA-191,Dera Ghazi Khan-III
Punjab,NA-191,Dera Ghazi Khan-III
Punjab,NA-191,Dera Ghazi Khan-III
Punjab,NA-192,Dera Ghazi Khan-IV
Punjab,NA-192,Dera Ghazi Khan-IV
Punjab,NA-192,Dera Ghazi Khan-IV
Punjab,NA-192,Dera Ghazi Khan-IV
Punjab,NA-192,Dera Ghazi Khan-IV
Punjab,NA-192,Dera Ghazi Khan-IV
Punjab,NA-193,Rajanpur-I
Punjab,NA-193,Rajanpur-I
Punjab,NA-193,Rajanpur-I
Punjab,NA-193,Rajanpur-I
Punjab,NA-193,Rajanpur-I
Punjab,NA-193,Rajanpur-I
Punjab,NA-193,Rajanpur-I
Punjab,NA-193,Rajanpur-I
Punjab,NA-193,Rajanpur-I
Punjab,NA-193,Rajanpur-I
Punjab,NA-194,Rajanpur-II
Punjab,NA-194,Rajanpur-II
Punjab,NA-194,Rajanpur-II
Punjab,NA-194,Rajanpur-II
Punjab,NA-194,Rajanpur-II
Punjab,NA-194,Rajanpur-II
Punjab,NA-194,Rajanpur-II
Punjab,NA-194,Rajanpur-II
Punjab,NA-194,Rajanpur-II
Punjab,NA-194,Rajanpur-II
Punjab,NA-194,Rajanpur-II
Punjab,NA-194,Rajanpur-II
Punjab,NA-194,Rajanpur-II
Punjab,NA-195,Rajanpur-III
Punjab,NA-195,Rajanpur-III
Punjab,NA-195,Rajanpur-III
Punjab,NA-195,Rajanpur-III
Punjab,NA-195,Rajanpur-III
Punjab,NA-195,Rajanpur-III
Punjab,NA-195,Rajanpur-III
Baluchistan,NA-257 ,Killa Saifullah-cum-Zhob-cum-Sh
Baluchistan,NA-257 ,Killa Saifullah-cum-Zhob-cum-Sh
Baluchistan,NA-257 ,Killa Saifullah-cum-Zhob-cum-Sh
Baluchistan,NA-257 ,Killa Saifullah-cum-Zhob-cum-Sh
Baluchistan,NA-257 ,Killa Saifullah-cum-Zhob-cum-Sh
Baluchistan,NA-257 ,Killa Saifullah-cum-Zhob-cum-Sh
Baluchistan,NA-257 ,Killa Saifullah-cum-Zhob-cum-Sh
Baluchistan,NA-257 ,Killa Saifullah-cum-Zhob-cum-Sh
Baluchistan,NA-257 ,Killa Saifullah-cum-Zhob-cum-Sh
Baluchistan,NA-257 ,Killa Saifullah-cum-Zhob-cum-Sh
Baluchistan,NA-257 ,Killa Saifullah-cum-Zhob-cum-Sh
Baluchistan,NA-258 ,Loralai-cum-Musa Khail-cum-Ziarat-cum-Duk
Baluchistan,NA-258 ,Loralai-cum-Musa Khail-cum-Ziarat-cum-Duk
Baluchistan,NA-258 ,Loralai-cum-Musa Khail-cum-Ziarat-cum-Duk
Baluchistan,NA-258 ,Loralai-cum-Musa Khail-cum-Ziarat-cum-Duk
Baluchistan,NA-258 ,Loralai-cum-Musa Khail-cum-Ziarat-cum-Duk
Baluchistan,NA-258 ,Loralai-cum-Musa Khail-cum-Ziarat-cum-Duk
Baluchistan,NA-258 ,Loralai-cum-Musa Khail-cum-Ziarat-cum-Duk
Baluchistan,NA-258 ,Loralai-cum-Musa Khail-cum-Ziarat-cum-Duk
Baluchistan,NA-258 ,Loralai-cum-Musa Khail-cum-Ziarat-cum-Duk
Baluchistan,NA-258 ,Loralai-cum-Musa Khail-cum-Ziarat-cum-Duk
Baluchistan,NA-258 ,Loralai-cum-Musa Khail-cum-Ziarat-cum-Duk
Baluchistan,NA-258 ,Loralai-cum-Musa Khail-cum-Ziarat-cum-Duk
Baluchistan,NA-258 ,Loralai-cum-Musa Khail-cum-Ziarat-cum-Duk
Baluchistan,NA-258 ,Loralai-cum-Musa Khail-cum-Ziarat-cum-Duk
Baluchistan,NA-258 ,Loralai-cum-Musa Khail-cum-Ziarat-cum-Duk
Baluchistan,NA-258 ,Loralai-cum-Musa Khail-cum-Ziarat-cum-Duk
Baluchistan,NA-258 ,Loralai-cum-Musa Khail-cum-Ziarat-cum-Duk
Baluchistan,NA-258 ,Loralai-cum-Musa Khail-cum-Ziarat-cum-Duk
Baluchistan,NA-258 ,Loralai-cum-Musa Khail-cum-Ziarat-cum-Duk
Baluchistan,NA-259 ,Dera Bugti-cum-Kohlu-cum-Barkhan-cum-Sibi-cum-Lehri
Baluchistan,NA-259 ,Dera Bugti-cum-Kohlu-cum-Barkhan-cum-Sibi-cum-Lehri
Baluchistan,NA-259 ,Dera Bugti-cum-Kohlu-cum-Barkhan-cum-Sibi-cum-Lehri
Baluchistan,NA-259 ,Dera Bugti-cum-Kohlu-cum-Barkhan-cum-Sibi-cum-Lehri
Baluchistan,NA-259 ,Dera Bugti-cum-Kohlu-cum-Barkhan-cum-Sibi-cum-Lehri
Baluchistan,NA-259 ,Dera Bugti-cum-Kohlu-cum-Barkhan-cum-Sibi-cum-Lehri
Baluchistan,NA-259 ,Dera Bugti-cum-Kohlu-cum-Barkhan-cum-Sibi-cum-Lehri
Baluchistan,NA-259 ,Dera Bugti-cum-Kohlu-cum-Barkhan-cum-Sibi-cum-Lehri
Baluchistan,NA-259 ,Dera Bugti-cum-Kohlu-cum-Barkhan-cum-Sibi-cum-Lehri
Baluchistan,NA-259 ,Dera Bugti-cum-Kohlu-cum-Barkhan-cum-Sibi-cum-Lehri
Baluchistan,NA-259 ,Dera Bugti-cum-Kohlu-cum-Barkhan-cum-Sibi-cum-Lehri
Baluchistan,NA-259 ,Dera Bugti-cum-Kohlu-cum-Barkhan-cum-Sibi-cum-Lehri
Baluchistan,NA-259 ,Dera Bugti-cum-Kohlu-cum-Barkhan-cum-Sibi-cum-Lehri
Baluchistan,NA-259 ,Dera Bugti-cum-Kohlu-cum-Barkhan-cum-Sibi-cum-Lehri
Baluchistan,NA-259 ,Dera Bugti-cum-Kohlu-cum-Barkhan-cum-Sibi-cum-Lehri
Baluchistan,NA-259 ,Dera Bugti-cum-Kohlu-cum-Barkhan-cum-Sibi-cum-Lehri
Baluchistan,NA-259 ,Dera Bugti-cum-Kohlu-cum-Barkhan-cum-Sibi-cum-Lehri
Baluchistan,NA-259 ,Dera Bugti-cum-Kohlu-cum-Barkhan-cum-Sibi-cum-Lehri
Baluchistan,NA-259 ,Dera Bugti-cum-Kohlu-cum-Barkhan-cum-Sibi-cum-Lehri
Baluchistan,NA-259 ,Dera Bugti-cum-Kohlu-cum-Barkhan-cum-Sibi-cum-Lehri
Baluchistan,NA-259 ,Dera Bugti-cum-Kohlu-cum-Barkhan-cum-Sibi-cum-Lehri
Baluchistan,NA-259 ,Dera Bugti-cum-Kohlu-cum-Barkhan-cum-Sibi-cum-Lehri
Baluchistan,NA-259 ,Dera Bugti-cum-Kohlu-cum-Barkhan-cum-Sibi-cum-Lehri
Baluchistan,NA-259 ,Dera Bugti-cum-Kohlu-cum-Barkhan-cum-Sibi-cum-Lehri
Baluchistan,NA-259 ,Dera Bugti-cum-Kohlu-cum-Barkhan-cum-Sibi-cum-Lehri
Baluchistan,NA-259 ,Dera Bugti-cum-Kohlu-cum-Barkhan-cum-Sibi-cum-Lehri
Baluchistan,NA-259 ,Dera Bugti-cum-Kohlu-cum-Barkhan-cum-Sibi-cum-Lehri
Baluchistan,NA-259 ,Dera Bugti-cum-Kohlu-cum-Barkhan-cum-Sibi-cum-Lehri
Baluchistan,NA-259 ,Dera Bugti-cum-Kohlu-cum-Barkhan-cum-Sibi-cum-Lehri
Baluchistan,NA-259 ,Dera Bugti-cum-Kohlu-cum-Barkhan-cum-Sibi-cum-Lehri
Baluchistan,NA-259 ,Dera Bugti-cum-Kohlu-cum-Barkhan-cum-Sibi-cum-Lehri
Baluchistan,NA-260 ,Nasirabad-cum-Kachhi-cum-Jhal Magsi
Baluchistan,NA-260 ,Nasirabad-cum-Kachhi-cum-Jhal Magsi
Baluchistan,NA-260 ,Nasirabad-cum-Kachhi-cum-Jhal Magsi
Baluchistan,NA-260 ,Nasirabad-cum-Kachhi-cum-Jhal Magsi
Baluchistan,NA-260 ,Nasirabad-cum-Kachhi-cum-Jhal Magsi
Baluchistan,NA-260 ,Nasirabad-cum-Kachhi-cum-Jhal Magsi
Baluchistan,NA-260 ,Nasirabad-cum-Kachhi-cum-Jhal Magsi
Baluchistan,NA-260 ,Nasirabad-cum-Kachhi-cum-Jhal Magsi
Baluchistan,NA-260 ,Nasirabad-cum-Kachhi-cum-Jhal Magsi
Baluchistan,NA-260 ,Nasirabad-cum-Kachhi-cum-Jhal Magsi
Baluchistan,NA-260 ,Nasirabad-cum-Kachhi-cum-Jhal Magsi
Baluchistan,NA-260 ,Nasirabad-cum-Kachhi-cum-Jhal Magsi
Baluchistan,NA-260 ,Nasirabad-cum-Kachhi-cum-Jhal Magsi
Baluchistan,NA-260 ,Nasirabad-cum-Kachhi-cum-Jhal Magsi
Baluchistan,NA-260 ,Nasirabad-cum-Kachhi-cum-Jhal Magsi
Baluchistan,NA-260 ,Nasirabad-cum-Kachhi-cum-Jhal Magsi
Baluchistan,NA-260 ,Nasirabad-cum-Kachhi-cum-Jhal Magsi
Baluchistan,NA-260 ,Nasirabad-cum-Kachhi-cum-Jhal Magsi
Baluchistan,NA-260 ,Nasirabad-cum-Kachhi-cum-Jhal Magsi
Baluchistan,NA-260 ,Nasirabad-cum-Kachhi-cum-Jhal Magsi
Baluchistan,NA-260 ,Nasirabad-cum-Kachhi-cum-Jhal Magsi
Baluchistan,NA-260 ,Nasirabad-cum-Kachhi-cum-Jhal Magsi
Baluchistan,NA-260 ,Nasirabad-cum-Kachhi-cum-Jhal Magsi
Baluchistan,NA-260 ,Nasirabad-cum-Kachhi-cum-Jhal Magsi
Baluchistan,NA-260 ,Nasirabad-cum-Kachhi-cum-Jhal Magsi
Baluchistan,NA-261 ,Jafarabad-cum-Sohbatpur
Baluchistan,NA-261 ,Jafarabad-cum-Sohbatpur
Baluchistan,NA-261 ,Jafarabad-cum-Sohbatpur
Baluchistan,NA-261 ,Jafarabad-cum-Sohbatpur
Baluchistan,NA-261 ,Jafarabad-cum-Sohbatpur
Baluchistan,NA-261 ,Jafarabad-cum-Sohbatpur
Baluchistan,NA-261 ,Jafarabad-cum-Sohbatpur
Baluchistan,NA-261 ,Jafarabad-cum-Sohbatpur
Baluchistan,NA-261 ,Jafarabad-cum-Sohbatpur
Baluchistan,NA-261 ,Jafarabad-cum-Sohbatpur
Baluchistan,NA-262 ,Pishin
Baluchistan,NA-262 ,Pishin
Baluchistan,NA-262 ,Pishin
Baluchistan,NA-262 ,Pishin
Baluchistan,NA-262 ,Pishin
Baluchistan,NA-262 ,Pishin
Baluchistan,NA-262 ,Pishin
Baluchistan,NA-262 ,Pishin
Baluchistan,NA-262 ,Pishin
Baluchistan,NA-262 ,Pishin
Baluchistan,NA-262 ,Pishin
Baluchistan,NA-262 ,Pishin
Baluchistan,NA-262 ,Pishin
Baluchistan,NA-262 ,Pishin
Baluchistan,NA-262 ,Pishin
Baluchistan,NA-263 ,Killa Abdullah
Baluchistan,NA-263 ,Killa Abdullah
Baluchistan,NA-263 ,Killa Abdullah
Baluchistan,NA-263 ,Killa Abdullah
Baluchistan,NA-263 ,Killa Abdullah
Baluchistan,NA-263 ,Killa Abdullah
Baluchistan,NA-263 ,Killa Abdullah
Baluchistan,NA-263 ,Killa Abdullah
Baluchistan,NA-263 ,Killa Abdullah
Baluchistan,NA-263 ,Killa Abdullah
Baluchistan,NA-263 ,Killa Abdullah
Baluchistan,NA-263 ,Killa Abdullah
Baluchistan,NA-263 ,Killa Abdullah
Baluchistan,NA-263 ,Killa Abdullah
Baluchistan,NA-263 ,Killa Abdullah
Baluchistan,NA-263 ,Killa Abdullah
Baluchistan,NA-263 ,Killa Abdullah
Baluchistan,NA-263 ,Killa Abdullah
Baluchistan,NA-263 ,Killa Abdullah
Baluchistan,NA-264 ,Quetta-I
Baluchistan,NA-264 ,Quetta-I
Baluchistan,NA-264 ,Quetta-I
Baluchistan,NA-264 ,Quetta-I
Baluchistan,NA-264 ,Quetta-I
Baluchistan,NA-264 ,Quetta-I
Baluchistan,NA-264 ,Quetta-I
Baluchistan,NA-264 ,Quetta-I
Baluchistan,NA-264 ,Quetta-I
Baluchistan,NA-264 ,Quetta-I
Baluchistan,NA-264 ,Quetta-I
Baluchistan,NA-264 ,Quetta-I
Baluchistan,NA-264 ,Quetta-I
Baluchistan,NA-264 ,Quetta-I
Baluchistan,NA-265 ,Quetta-II
Baluchistan,NA-265 ,Quetta-II
Baluchistan,NA-265 ,Quetta-II
Baluchistan,NA-265 ,Quetta-II
Baluchistan,NA-265 ,Quetta-II
Baluchistan,NA-265 ,Quetta-II
Baluchistan,NA-265 ,Quetta-II
Baluchistan,NA-265 ,Quetta-II
Baluchistan,NA-265 ,Quetta-II
Baluchistan,NA-265 ,Quetta-II
Baluchistan,NA-265 ,Quetta-II
Baluchistan,NA-265 ,Quetta-II
Baluchistan,NA-265 ,Quetta-II
Baluchistan,NA-265 ,Quetta-II
Baluchistan,NA-265 ,Quetta-II
Baluchistan,NA-265 ,Quetta-II
Baluchistan,NA-265 ,Quetta-II
Baluchistan,NA-265 ,Quetta-II
Baluchistan,NA-265 ,Quetta-II
Baluchistan,NA-265 ,Quetta-II
Baluchistan,NA-265 ,Quetta-II
Baluchistan,NA-265 ,Quetta-II
Baluchistan,NA-265 ,Quetta-II
Baluchistan,NA-265 ,Quetta-II
Baluchistan,NA-265 ,Quetta-II
Baluchistan,NA-266 ,Quetta-III
Baluchistan,NA-266 ,Quetta-III
Baluchistan,NA-266 ,Quetta-III
Baluchistan,NA-266 ,Quetta-III
Baluchistan,NA-266 ,Quetta-III
Baluchistan,NA-266 ,Quetta-III
Baluchistan,NA-266 ,Quetta-III
Baluchistan,NA-266 ,Quetta-III
Baluchistan,NA-266 ,Quetta-III
Baluchistan,NA-266 ,Quetta-III
Baluchistan,NA-266 ,Quetta-III
Baluchistan,NA-266 ,Quetta-III
Baluchistan,NA-266 ,Quetta-III
Baluchistan,NA-266 ,Quetta-III
Baluchistan,NA-266 ,Quetta-III
Baluchistan,NA-266 ,Quetta-III
Baluchistan,NA-266 ,Quetta-III
Baluchistan,NA-266 ,Quetta-III
Baluchistan,NA-266 ,Quetta-III
Baluchistan,NA-267,Mastun
Baluchistan,NA-267,Mastun
Baluchistan,NA-267,Mastun
Baluchistan,NA-267,Mastun
Baluchistan,NA-267,Mastun
Baluchistan,NA-267,Mastun
Baluchistan,NA-267,Mastun
Baluchistan,NA-267,Mastun
Baluchistan,NA-267,Mastun
Baluchistan,NA-267,Mastun
Baluchistan,NA-267,Mastun
Baluchistan,NA-267,Mastun
Baluchistan,NA-267,Mastun
Baluchistan,NA-267,Mastun
Baluchistan,NA-267,Mastun
Baluchistan,NA-267,Mastun
Baluchistan,NA-267,Mastun
Baluchistan,NA-267,Mastun
Baluchistan,NA-267,Mastun
Baluchistan,NA-267,Mastun
Baluchistan,NA-267,Mastun
Baluchistan,NA-268,Chagai
Baluchistan,NA-268,Chagai
Baluchistan,NA-268,Chagai
Baluchistan,NA-268,Chagai
Baluchistan,NA-268,Chagai
Baluchistan,NA-268,Chagai
Baluchistan,NA-268,Chagai
Baluchistan,NA-268,Chagai
Baluchistan,NA-268,Chagai
Baluchistan,NA-268,Chagai
Baluchistan,NA-268,Chagai
Baluchistan,NA-268,Chagai
Baluchistan,NA-268,Chagai
Baluchistan,NA-268,Chagai
Baluchistan,NA-268,Chagai
Baluchistan,NA-268,Chagai
Baluchistan,NA-268,Chagai
Baluchistan,NA-268,Chagai
Baluchistan,NA-268,Chagai
Baluchistan,NA-268,Chagai
Baluchistan,NA-268,Chagai
Baluchistan,NA-268,Chagai
Baluchistan,NA-269 ,Khuzdar
Baluchistan,NA-269 ,Khuzdar
Baluchistan,NA-269 ,Khuzdar
Baluchistan,NA-269 ,Khuzdar
Baluchistan,NA-269 ,Khuzdar
Baluchistan,NA-269 ,Khuzdar
Baluchistan,NA-269 ,Khuzdar
Baluchistan,NA-269 ,Khuzdar
Baluchistan,NA-269 ,Khuzdar
Baluchistan,NA-269 ,Khuzdar
Baluchistan,NA-269 ,Khuzdar
Baluchistan,NA-269 ,Khuzdar
Baluchistan,NA-269 ,Khuzdar
Baluchistan,NA-270,Awaran
Baluchistan,NA-270,Awaran
Baluchistan,NA-270,Awaran
Baluchistan,NA-270,Awaran
Baluchistan,NA-270,Awaran
Baluchistan,NA-270,Awaran
Baluchistan,NA-270,Awaran
Baluchistan,NA-270,Awaran
Baluchistan,NA-270,Awaran
Baluchistan,NA-270,Awaran
Baluchistan,NA-270,Awaran
Baluchistan,NA-270,Awaran
Baluchistan,NA-270,Awaran
Baluchistan,NA-270,Awaran
Baluchistan,NA-270,Awaran
Baluchistan,NA-270,Awaran
Baluchistan,NA-271 ,Kech
Baluchistan,NA-271 ,Kech
Baluchistan,NA-271 ,Kech
Baluchistan,NA-271 ,Kech
Baluchistan,NA-271 ,Kech
Baluchistan,NA-271 ,Kech
Baluchistan,NA-271 ,Kech
Baluchistan,NA-271 ,Kech
Baluchistan,NA-271 ,Kech
Baluchistan,NA-271 ,Kech
Baluchistan,NA-271 ,Kech
Baluchistan,NA-271 ,Kech
Baluchistan,NA-271 ,Kech
Baluchistan,NA-271 ,Kech
Baluchistan,NA-271 ,Kech
Baluchistan,NA-272,Gawadar
Baluchistan,NA-272,Gawadar
Baluchistan,NA-272,Gawadar
Baluchistan,NA-272,Gawadar
Baluchistan,NA-272,Gawadar
Baluchistan,NA-272,Gawadar
Baluchistan,NA-272,Gawadar
Baluchistan,NA-272,Gawadar
Baluchistan,NA-272,Gawadar
Baluchistan,NA-272,Gawadar
Baluchistan,NA-272,Gawadar
Baluchistan,NA-272,Gawadar
Baluchistan,NA-272,Gawadar
