Serial No., Name of the Contesting candidates  in the Alphabetical Order,Address of the Contesting Candidates,No. and name of symbol allocated,"Party Affiliation,lf any",No. and Name of Consituency
1,lftikhar ud Din,Tehsil and District ChitraI Village Seerdur Kalkatak Drosh,Tiger (No.284),Pakistan Muslim League(N),NA-1 Chitral
2, Taqdira Ajmal,Musiim Abad P/o Banda Jat Thana Bandajat Tehsil Batkhela District Malakand,Chirali Cap (No. 59),Independent,NA-1 Chitral
3,Saeed Ur Rehman,Tehsil Mastuj Dlstrict Chital village Shagram Werkhup P/o Shagram,Iron (No.147),Pakistan Rah-e-Haq Party,NA-1 Chitral
4,Saleem Khan,Tehsil and Dristrict Chitral Village Kandoxhal Garamchashma,Arrow (No.12),Pakistan Peoples Party Parliamentarians,NA-1 Chitral
5,Shahzada Muhammad Taimur Khisrao,Tehsil and District Chitral Village Droshp Qilla p/o Garumchashma,Sun FLower (No. 266),Independent,NA-1 Chitral
6,Abdul Latif,Tehsil Mastuj Distrcit Chitral village Nichag Oveer P/o Shonogush,Bat (No. 19),Pakistan Tehreek-e-Insaf,NA-1 Chitral
7,Eid ul Hussain,Tehsil and Distict Chitral village Mustajapandeh,Lantern (No.162),Awami National Party,NA-1 Chitral
8,Mohammad Amjad,House No.21 Street 25 Sector F-6/2 lslamabad.,Eagle (No. 93),All Pakistan Muslim League,NA-1 Chitral
9,Muhammad Yahya,Tehsil and District Chitral Village Dawashish Jughoor,Duck (No. 92),Independent,NA-1 Chitral
10,Moulana Abdul Akbar Chitrali,Tehsil and District Chitral village Broze Goldeh.,Book (No.31),Mutthida Majlis-e-Amal Pakistan,NA-1 Chitral
11,Nisar Dastageer,Tehsil Drosh District Chitral village Kessu Dhap P/o Drosh,Pencil (No.196),Independent,NA-1 Chitral
1,Amjad Ali Khan,Babo Tehsil Khwazakhela District Swat,Arrow (No.12),Pakistan Peoples Party Parliamentarians,NA-2 Swat-I
2,Amir Muqam,Chagam Post Office Aloch Tehsil Puran District Shangla,Tiger (No.284),Pakistan Muslim League(N),NA-2 Swat-I
3,Haider Ali Khan,Kuz Kalay Tehsil Khwazakhela District Swat,Bat (No. 19),Pakistan Tehreek-e-Insaf,NA-2 Swat-I
4,Said Qamar,Faqera Post Office Khwazakhela Tehsil Khwazakhela District Swat,Battery (No.21),Independent,NA-2 Swat-I
5,Ibadullah Khan,Chagam Tehsil Puran District Shangla,Cricket Stumps (No.73),Independent,NA-2 Swat-I
6,Muhammad Mukhtar,Binkat Fatehpur Tehsil Khwazakhela District Swat,Tree (No.295),Pashtoonkhwa Milli Awami Party,NA-2 Swat-I
7,Miraj Muhammad,Kuz Kalay Madyan Tehsil Bahrain District Swat,Loud Speaker (No. 169),Independent,NA-2 Swat-I
8,Malak Muhammad Didar Khan,Malak Abad Tehsil Bahrain Distrct Swat,Apple (No.11),Independent,NA-2 Swat-I
9,Mumtaz Ahmad,Habib Abad Tehsil Bahrain District Swat,Lantern (No.162),Awami National Party,NA-2 Swat-I
10,Naveed Iqbal,Mohallah Chum Charbagh Tehsil Charbagh District Swat,Book (No.31),Mutthida Majlis-e-Amal Pakistan,NA-2 Swat-I
1,Aftab Shahid,Muhallah Dawlat Kheil. Charbagh Swat,Newspaper (No.183),Independent,NA-3 Swat-II
2,Hujjat Ullah,Muhalalh Chena Landaykas Mingora Swat,Wrist Watch (No.330),Independent,NA-3 Swat-II
3,Saleem Rehman,Shahdara Mingora Tehsil Babuzai District Swat,Bat (No. 19),Pakistan Tehreek-e-Insaf,NA-3 Swat-II
4,Shakeel Ahmad,Qambar Kheil Gurra Tehsil Matta District Swat,Takhti (No.274),Jamiat Ulma-e-lslam Nazryati Pakistan,NA-3 Swat-II
5,Shahryar Amirzeb,"Amirzeb House, Saidu Sharif,Swat.",Arrow (No.12),Pakistan Peoples Party Parliamentarians,NA-3 Swat-II
6,Abdul Karim,Muhalalh Nasir Kheil. Odigram Mingora Swat,Lantern (No.162),Awami National Party,NA-3 Swat-II
7,Ali Khan,Amir Khan Kheil Gogdara. Swat.,Fan (No.101),Independent,NA-3 Swat-II
8,Mian Muhammad Shahbaz Sharif,"House No.96,H Block Model Town Lahore",Tiger (No.284),Pakistan Muslim League(N),NA-3 Swat-II
1,Ibrahim,"Hazara, Kabal Swat",Chair (No.55),Allah-o-Akbar Tehreek,NA-4 Swat-III
2,Tal Hayat Khan,"Drushkhela, Matta Swat",Chiragh (Lamp) (No.58),Qaumi Watan Party,NA-4 Swat-III
3,Khurshaid Ali,"Totano Bandai, Kabal Swat",Tree (No.295),Pashtoonkhwa Milli Awami Party,NA-4 Swat-III
4,Shahzad,Gharib Abad. Kanju Swat,Jeep (No. 149),Independent,NA-4 Swat-III
5,Feroz Shah,"Damghar Kanju, Kabal Swat",Tiger (No.284)            ,Pakistan Muslim League(N),NA-4 Swat-III
6,Qari Mahmood,Senpora. Matta Swat,Book (No.31),Mutthida Majlis-e-Amal Pakistan,NA-4 Swat-III
7,Qamar Zaman,Menz Palo Kherarrai. Matta Swat,Arrow (No.12),Pakistan Peoples Party Parliamentarians,NA-4 Swat-III
8,Muhammad Raza Khan,Kanju Township. Kabal Swat,Crane (No.71),Tehreek Labbaik Pakistan,NA-4 Swat-III
9,Muhammad Salim Khan,Drushkhela. Matta Swat,Lantern (No.162),Awami National Party,NA-4 Swat-III
10,Muhammad Mosa Khan,"New Kalonai, Matta Swat",Fan (No.101),Independent,NA-4 Swat-III
11,Murad Saeed,Mohalla Sher Abad. Kabal Swat,Bat (No. 19),Pakistan Tehreek-e-Insaf,NA-4 Swat-III
1,HANIF ULLAH KHAN,MAIDAN KHAWAR BARAWAL,Match Box (No. 172)    ,Independent,NA-5 Upper Dir
2,R1AZULLAH,VILLAGE KASS DIR ,Newspaper (No. 183),Independent,NA-5 Upper Dir
3,SUBHAN ALI,VILLAGE SHAGAI NIHAG DARA WARI,Eagle (No. 93),All Pakistan Muslim League,NA-5 Upper Dir
4,SAHIBZADA SIBGHATULLAH,VILLAGE KOTKAY SAHIB ABAD WARI,Bat (No. 19),Pakistan Tehreek-e-Insaf,NA-5 Upper Dir
5,SAHIBZADA TARIQULLAH,VILLAGE REHANKOT DIR,Book (No.31),Mutthida Majlis-e-Amal Pakistan,NA-5 Upper Dir
6,IMRAN KHAN,VILLAGE KAKAD WARI,Lantern (No.162),Awami National Party,NA-5 Upper Dir
7,UMAR ZAIB KHAN ,VILLAGE JATGRAM WARI,Tractor (No.292),Pakistan Muslim League,NA-5 Upper Dir
8,INAYATUL HAQ,VILLAGE SORI PAW REHANKOT DIR,Dolphin (No.85),Pak Sarzameen Party,NA-5 Upper Dir
9,MUHAMMAD NISAR KHAN,VILLAGE PANAKOT DIR,Tiger (No.284),Pakistan Muslim League(N),NA-5 Upper Dir
10,NAJMUDDIN KHAN,VILLAGE KASS DIR,Arrow (No.12),Pakistan Peoples Party Parliamentarians,NA-5 Upper Dir
1,Ihsan Ullah,"Asbanr Bazar, Asbanr, Tehsil Adenzai Lower Dir",Crane (No.71),Tehreek Labbaik Pakistan,NA-6 Lower Dir-I
2,Ahmad Hassan,Ziarat Talash Tehsil Timergara Lower Dir,Arrow (No.12),Pakistan Peoples Party Parliamentarians,NA-6 Lower Dir-I
3,Asad Ullah,Khali Barkaiay Tehsil Khali Lower Dir ,Book (No.31),Mutthida Majlis-e-Amal Pakistan,NA-6 Lower Dir-I
4, Amjad Ali,Bandagai Talash Timergara Lower Dir,Chair (No.55),Allah-o-Akbar Tehreek,NA-6 Lower Dir-I
5,Javed Akhtar,Karzina Paito Dara PO Khungi Bala Tehsil Timergara Lower Dir,Tiger (No.284),Pakistan Muslim League(N),NA-6 Lower Dir-I
6,Habib Ullah,Qazi Abad PO Khali Toormang Tehsil Timergara Lower Dir,Eagle (No. 93),All Pakistan Muslim League,NA-6 Lower Dir-I
7,Mehboob Shah,"Kotigram Bala, Kotigram, Tehsil Adenzai Lower Dir",Bat (No. 19),Pakistan Tehreek-e-Insaf,NA-6 Lower Dir-I
8,Muhammad Zahid Khan,Village and Post Office Odigram Tehsil Balambat Lower Dir,Lantern (No.162),Awami National Party,NA-6 Lower Dir-I
1,Sobia Shahid,"Raigi Model Town, House No. 165, Sector D-4 Peshawar.",Tiger (No.284),Pakistan Muslim League(N),NA-7 Lower Dir-II
2,Siraj-Ul-Haq, Samarbagh District Dir Lower,Book (No.31),Mutthida Majlis-e-Amal Pakistan,NA-7 Lower Dir-II
3,Syed Shahid Ahmad Jan,"Village & P.0 Khazana, Tehsil Munda, District Dir Lower.",Arrow (No.12),Pakistan Peoples Party Parliamentarians,NA-7 Lower Dir-II
4,Abdul Ghafar Khan,"Shahzadi Payeen, Tehsil Balambat, District Dir Lower.",Eagle (No. 93),All Pakistan Muslim League,NA-7 Lower Dir-II
5,Mubarak Jan,"Village Dapour, Tehsil Lal-Qilla,District Dir Lower.",Jeep (No. 149),Independent,NA-7 Lower Dir-II
6,Muhammad Bashir Khan," Gambir Mayar, Tehsil Samarbagh,District Dir Lower",Bat (No. 19),Pakistan Tehreek-e-Insaf,NA-7 Lower Dir-II
7,Muhammad Khalid,"Village Bandagai Kombar, Tehsil Lal-Qilla, District Dir Lower.",Chair (No.55),Allah-o-Akbar Tehreek,NA-7 Lower Dir-II
8,Nazir Khan,"Jabagai Kotkay, Tehsil Samarbagh, District Dir Lower.",Lantern (No.162),Awami National Party,NA-7 Lower Dir-II
1,Inam Ullah Khan,Mohallah Bazid Khel Jalala Post Office Thana Tehsil Batkheia District Malakand,Lantern (No.162),Awami National Party,NA-8 Malakand
2,Bilawal Bhutto Zardari,Imam Bargah Mohallah Qazi Naudero Ratodero Larkana,Arrow (No.12),Pakistan Peoples Party Parliamentarians,NA-8 Malakand
3,Taj Badshah,Sher Khana Palai Tehsil Batkheia District Malakand,Eagle (No. 93),All Pakistan Muslim League,NA-8 Malakand
4,Junaid Akbar,"Mohallah Amjad Shaheed Colony Post Office Thana, Thana Jadeed Tehsil Batkhela District Malakand",Bat (No. 19),Pakistan Tehreek-e-Insaf,NA-8 Malakand
5,Hussain Khan,Mohallah Ismail Khel Totakan Tehsil Batkhela District Malakand,Bee (No.24),Independent,NA-8 Malakand
6,Shams ul Haq,Sahib Zada Colony Sakhakot Post Office SakhakotTehsil Dargai District Malakand,Fridge (No.113),Independent,NA-8 Malakand
7,Zafar Yab Khan,Mohallah Kari Khel Matkani Tehsil Batkhela District Malakand,Chiragh (Lamp) (No.58),Qaumi Watan Party,NA-8 Malakand
8,Alamgir,Mohallah Maday Khel Batkhela Tehsil Batkheia District Malakand,Crocodile (No.74),Independent,NA-8 Malakand
9,Amir Nawab Khan,Mohallah Bogar Cham Thana Khas Tehsil Batkheia District Malakand,Tiger (No.284),Pakistan Muslim League(N),NA-8 Malakand
10,Fazal Muhammad,Jabban Tehsil Dargai District Malakand,Cricket Stumps (No.73),Independent,NA-8 Malakand
11,Gul Naseeb Khan,Larram Post Office Kotigram Tehsil Adenzai District Dir Lower(Payeen),Book (No.31),Mutthida Majlis-e-Amal Pakistan,NA-8 Malakand
12,Muhammad Khan,Timber Market Kharkai Post Office Dargai Tehsil Dargai District Malakand,Pick Up(No. 201),Independent,NA-8 Malakand
13,Mian Gul Kurram,Musa Meena Tehsil Dargai District Malakand,Ox (No.190),Independent,NA-8 Malakand
1,ISTIQBAL KHAN,VILLAGE BAJKATA TEHSIL GAGRA BUNER,Book (No.31),Mutthida Majlis-e-Amal Pakistan,NA-9 Buner
2,SIR MIR KHAN,VILLAGE MATWANI TEHSIL GAGRA BUNE,Eagle (No. 93),All Pakistan Muslim League,NA-9 Buner
3,SHER AKBAR KHAN,"VILLAGE REGA TEHSIL GAGRA,BUNER",Bat (No. 19),Pakistan Tehreek-e-Insaf,NA-9 Buner
4,ABDUR RAUF, VILLAGE KARAPA TEHSIL DAGGAR BUNER,Lantern (No.162),Awami National Party,NA-9 Buner
5,FANOOS GUJJAR,VILLAGE REYAL (CHAGHARZI) TEHSIL GAGRA BUNER,Bulb (No.40),Awami Workers Party,NA-9 Buner
6,KAMRAN KHAN,"VILLAGE CHANAR TEHSIL GAGRA,BUNER",Tiger (No. 284),Pakistan Muslim League(N),NA-9 Buner
7,MIAN MOEEN UD DIN,VILLAGE REGA TEHSIL GAGRA BUNER,Jug (No.151),Independent,NA-9 Buner
1,Amir Sultan,Chagam Tehsil Puran District Shangla,Book (No.31),Mutthida Majlis-e-Amal Pakistan,NA-10 Shangla
2,Bakht Naseeb Khan,Village Neem Kalay P/o Aloch Tehsil Puran Ditrict Shangla,Bulb (No.40),Awami Workers Party,NA-10 Shangla
3,Parviz Ahmad,"Lal Khanay, P/O & Tehsil Alpurai District Shangla",Sheep (No.241),Independent,NA-10 Shangla
4,Hamid Iqbal Khan,People House Damorai District Shangla,Arrow (No.12),Pakistan Peoples Party Parliamentarians,NA-10 Shangla
5,Sadeed ur Rehman,Seer Dandai Tehsil Bishsam District Shangla,Lantern (No.162),Awami National Party,NA-10 Shangla
6,Safeer Khan,"Seer, P/O Dandai, Behsam District shangla",Goat (No.123),Independent,NA-10 Shangla
7,Said Fareen,"Seer, P/O Dandai, Behsam District shangla",Gun (No.128),Independent,NA-10 Shangla
8,Ibadullah Khan,P/O Khas Cahgam Tehsil Puran District Shangla,Tiger (No.284),Pakistan Muslim League(N),NA-10 Shangla
9,Waqar Ahmad Khan,P/O Shahpur Tehsil Alpurai District Shangla,Bat (No. 19),Pakistan Tehreek-e-Insaf,NA-10 Shangla
1,Afreen Khan,Thoti Kandia District Kohistan,Book (No.31),Mutthida Majlis-e-Amal Pakistan,NA-11 Kohistan-cum-Lower Kolai Pallas Kohistan
2,Aurang Zeb,Dubair Bela Pattan Kohistan,Bat (No. 19),Pakistan Tehreek-e-Insaf,NA-11 Kohistan-cum-Lower Kolai Pallas Kohistan
3,Bakht Jahan,Jijal Tehsil Pattan District Kohistan,Chair (No.55),Allah-o-Akbar Tehreek,NA-11 Kohistan-cum-Lower Kolai Pallas Kohistan
4,Juma Din,Mali Dara Jijal Pattan Kohistan,Dolphin (No.85),Pak Sarzameen Party,NA-11 Kohistan-cum-Lower Kolai Pallas Kohistan
5,Haji Misar Khan,Kass Dubair Pattan Kohistan, Tiger (No.284),Pakistan Muslim League(N),NA-11 Kohistan-cum-Lower Kolai Pallas Kohistan
6,Haji Mir Dad,Galgan Pattan District Kohistan,Jug (No. 151),Independent,NA-11 Kohistan-cum-Lower Kolai Pallas Kohistan
7,Dost Muhammad Shakir,Kotia Pattan District Kohistan,Charpai (No.56) ,Independent,NA-11 Kohistan-cum-Lower Kolai Pallas Kohistan
8,Said Jan,Kuz Thoti Kandia Kohistan,Gun (No. 128),Independent,NA-11 Kohistan-cum-Lower Kolai Pallas Kohistan
9,Syed Gul Badshah,Shigobain Dassu Kohistan, Jeep (No. 149),Independent,NA-11 Kohistan-cum-Lower Kolai Pallas Kohistan
10,Shehzad Latif,Eastren Karachi,Sheep (No.241),Independent,NA-11 Kohistan-cum-Lower Kolai Pallas Kohistan
11,Sher Baz,Sharakot Pallas Kohistan,Hammer (No. 129),Independent,NA-11 Kohistan-cum-Lower Kolai Pallas Kohistan
12,Abdul Qayum,Oghi Mansehra,Kettle (No. 153),Independent,NA-11 Kohistan-cum-Lower Kolai Pallas Kohistan
13,Mehboobullah Jan,Baila Rustam Khail Pattan Kohistan,Tractor (No.292),Pakistan Muslim League,NA-11 Kohistan-cum-Lower Kolai Pallas Kohistan
14,Muhammad Naseer,Pattan Kohistan,Mic (No.174),Independent,NA-11 Kohistan-cum-Lower Kolai Pallas Kohistan
15,Muhammad Yaseen ,Pallas Kohistan,Lock (No.167),Independent,NA-11 Kohistan-cum-Lower Kolai Pallas Kohistan
16,Malak Nor Wali Shah,Dassu Kohistan,Arrow (No.12),Pakistan Peoples Party Parliamentarians,NA-11 Kohistan-cum-Lower Kolai Pallas Kohistan
17,Noor-Ul-Amin,Dhar Ranolia Kohistan,Chiragh (Lamp) (No.58),Qaumi Watan Party,NA-11 Kohistan-cum-Lower Kolai Pallas Kohistan
1,Rustam Khan,,Chiragh (Lamp) (No.58),Qaumi Watan Party,NA-12 Battagram
2,Rasheed Ahmed,,Corn (No.69),Independent,NA-12 Battagram
3,Sardar Malik Jan,,Arrow (No.12),Pakistan Peoples Party Parliamentarians,NA-12 Battagram
4,Saeed Ahmed,,Jeep (No. 149),Independent,NA-12 Battagram
5,Sabir Hussain Shah,,Tractor (No.292),Pakistan Muslim League,NA-12 Battagram
6,Muhammad Nawaz Khan,,Bat (No. 19),Pakistan Tehreek-e-Insaf,NA-12 Battagram
7,Muhammad Yousaf,,Book (No.31),Mutthida Majlis-e-Amal Pakistan,NA-12 Battagram
8,Misbah Ullah Babar,,Lantern (No.162),Awami National Party,NA-12 Battagram
1,Afsar Khan,,Ox (No.190),Independent,NA-13 Mansehra-I
2,Samar Islam,,Sheep (No.241),Independent,NA-13 Mansehra-I
3,Sardar Shah Jehan Yousaf,,Tiger (No.284),Pakistan Muslim League(N),NA-13 Mansehra-I
4,Sardar Muhammad Sultan ,,Gun (No.128),Independent,NA-13 Mansehra-I
5,Saleh Muhammad,,Charpai (No.56),Independent,NA-13 Mansehra-I
6,Aamir Shahzad,,Crane (No.71),Tehreek Labbaik Pakistan,NA-13 Mansehra-I
7,Abdul Salam,,Coat (No.61),Humdardan-e-Watan Pakistan,NA-13 Mansehra-I
8,Iffat Kalsoom,,Lantern (No. 162),Awami National Party,NA-13 Mansehra-I
9,Ambereen Ahsan,,Sun Flower (No.266),Independent,NA-13 Mansehra-I
10,Muhammad Baseer Khan,,Book (No.31),Mutthida Majlis-e-Amal Pakistan,NA-13 Mansehra-I
11,Muhammad Banaris,,Goat (No. 123),Independent,NA-13 Mansehra-I
12,Muhammad Javed,,Dolphin (No.85),Pak Sarzameen Party,NA-13 Mansehra-I
13,Muhammad Gulfam Swati,,Jug (No. 151),Independent,NA-13 Mansehra-I
14,Nargis Ali,,Tractor (No.292),Pakistan Muslim League,NA-13 Mansehra-I
1,Ahmed sheryar khan,,Bucket (No.39),Independent,NA-14 Mansehra-cum-Torghar
2,Roshan Zaman,,Jeep (No. 149),Independent,NA-14 Mansehra-cum-Torghar
3,Zar Gul Khan,,Bat (No. 19),Pakistan Tehreek-e-Insaf,NA-14 Mansehra-cum-Torghar
4,Fakhar uz zaman khan,,Tractor (No.292),Pakistan Muslim League,NA-14 Mansehra-cum-Torghar
5,Qazi Tayyab Shehzad,,Crane (No.71),Tehreek Labbaik Pakistan,NA-14 Mansehra-cum-Torghar
6,Kifayatullah,,Book (No.31),Mutthida Majlis-e-Amal Pakistan,NA-14 Mansehra-cum-Torghar
7,Muhammad Asif,,Chiragh (Lamp) (No.58),Qaumi Watan Party,NA-14 Mansehra-cum-Torghar
8,Muhammad Sajjad,,Combat Tank (No.66),Independent,NA-14 Mansehra-cum-Torghar
9,Muhammad Safdar,,Tiger (No.284),Pakistan Muslim League(N),NA-14 Mansehra-cum-Torghar
10,Muhammad Aqeel Khan Durrani,,Chair (No.55),Allah-o-Akbar Tehreek,NA-14 Mansehra-cum-Torghar
11,Muhammad Wajid khan,,Binoculars (No.28),Independent,NA-14 Mansehra-cum-Torghar
1,Ayaz Khan Jadoon,,Iron (No. 147),Pakistan Rah-e-Haq Party,NA-15 Abbottabad-I
2,Sameen Riaz Abbasi,,Gavel (No. 118),Pakistan Justice & Democratic Party,NA-15 Abbottabad-I
3,Zulfiqar Javed,,Bowl (No.34),Independent,NA-15 Abbottabad-I
4,Sardar Gohar Zaman Khan,,Pitcher (No.204),Independent,NA-15 Abbottabad-I
5,Sardar Muhammad Iqbal Khan,,Chiragh (Lamp) (No.58),Qaumi Watan Party,NA-15 Abbottabad-I
6,Sardar Muhammad Yaqub,,Jeep (No. 149),Independent,NA-15 Abbottabad-I
7,Sardar Manzoor Mumtaz Abbasi,,Arrow (No.12),Pakistan Peoples Party Parliamentarians,NA-15 Abbottabad-I
8,Ali Asghar Khan,,Bat (No. 19),Pakistan Tehreek-e-Insaf,NA-15 Abbottabad-I
9,Fazal-ur-Rehman,,Book (No.31),Mutthida Majlis-e-Amal Pakistan,NA-15 Abbottabad-I
10,Muhammad Asghar Shah,,Gun (No.128),Independent,NA-15 Abbottabad-I
11,Makhdoom Arif Hussain Kazmi,,Crane (No.71),Tehreek Labbaik Pakistan,NA-15 Abbottabad-I
12,Murtaza Javed Abbasi,,Tiger (No.284),Pakistan Muslim League(N),NA-15 Abbottabad-I
13,Nusrat Anjum,,Dolphin (No.85),Pak Sarzameen Party,NA-15 Abbottabad-I
1,Ayaz Khan Jadoon ,,Iron (No.147),Pakistan Rah-e-Haq Party,NA-16 Abbottabad-II
2,Bilal Saddique,,Sun Flower (No.266),Independent,NA-16 Abbottabad-II
3,Javed Khan,,Tea Pot (No.279),Independent,NA-16 Abbottabad-II
4,Jamil Hussain,,Chiragh (Lamp) (No.58),Qaumi Watan Party,NA-16 Abbottabad-II
5,Rizwan Khan,,Pitcher (No.204),Independent,NA-16 Abbottabad-II
6,Sardar Maqsood Ayub,,Hammer (No. 129),Independent,NA-16 Abbottabad-II
7,Syed Saeed Khalid,,Tap (No.277),Independent,NA-16 Abbottabad-II
8,Syed Faisal Hussain Shah Gallani,,Telephone (No.280),Independent,NA-16 Abbottabad-II
9,Shouket Ali Tanoli,,Charpai (No.56),Independent,NA-16 Abbottabad-II
10,Ali Khan Jadoon,,Bat (No. 19),Pakistan Tehreek-e-Insaf,NA-16 Abbottabad-II
11,Muhammad Irshad,,Lantern (No.162),Awami National Party,NA-16 Abbottabad-II
12,Muhammad Asghar Shah,,Gun (No.128),Independent,NA-16 Abbottabad-II
13,Muhammad Rashid,,Pencil (No.196),Independent,NA-16 Abbottabad-II
14,Muhammad Rohail,,Jeep (No. 149),Independent,NA-16 Abbottabad-II
15,Muhammad Saeed Khan,,Book (No.31),Mutthida Majlis-e-Amal Pakistan,NA-16 Abbottabad-II
16, Muhammad Waqas,,Crane (No.71),Tehreek Labbaik Pakistan,NA-16 Abbottabad-II
17,Murad Sher,,Mountain (No. 180),Independent,NA-16 Abbottabad-II
18,Mohabbat Khan,,Tiger (No.284),Pakistan Muslim League(N),NA-16 Abbottabad-II
1,Irum Fatima,,Lantern (No.162),Awami National Party,NA-17 Haripur
2,Babar Nawaz Khan,,Tiger (No.284),Pakistan Muslim League(N),NA-17 Haripur
3,Habib Ullah,,Bowl (No.34),Independent,NA-17 Haripur
4,Raja Qaisar Ali,,Mobile Phone (No. 177) ,Independent,NA-17 Haripur
5,Rizwan Saeed Mughal,,Bucket (No.39),Independent,NA-17 Haripur
6,Syed Hamid Shah,,Tractor (No.292),Pakistan Muslim League,NA-17 Haripur
7,Shaista Naz,,Arrow (No. 12),Pakistan Peoples Party Parliamentarians,NA-17 Haripur
8,Omar Ayub Khan,,Bat (No. 19),Pakistan Tehreek-e-Insaf,NA-17 Haripur
9,Farooq Shah,, Book (No.31),Mutthida Majlis-e-Amal Pakistan,NA-17 Haripur
10,Qazi Atiq Ur Rehman,,Ship (No.242),Pakistan Falah Party,NA-17 Haripur
11,Muhammad Zubair,, Crane (No.71),Tehreek Labbaik Pakistan,NA-17 Haripur
12,Muhammad Fiaz,,Laptop (No. 163),Tehreek Jawanan Pakistan,NA-17 Haripur
13,Malik Shakeel Ahmad,,Chair (No.55),Allah-o-Akbar Tehreek,NA-17 Haripur
14,Wakalat Khan ,,Gun (No.128),Independent,NA-18 Swabi-I
1,ASAD QAISAR,,Bat (No. 19),Pakistan Tehreek-e-Insaf,NA-18 Swabi-I
2,KHALID MEHMOOD,,Bulb (No.40),Awami Workers Party,NA-18 Swabi-I
3,KHAIL AHMAD,,Takhti (No.274),Jamiat Ulma-e-lslam Nazryati Pakistan,NA-18 Swabi-I
4,R1ZWAN ULLAH,,Gun (No.128),Independent,NA-18 Swabi-I
5,SAJJAD AHMAD,,Tiger (No.284),Pakistan Muslim League(N),NA-18 Swabi-I
6,SHAMS UL QAMAR,,Jug (No.151),Independent,NA-18 Swabi-I
7,SHAH NAWAZ KHANZADA,,Charpai (No.56),Independent,NA-18 Swabi-I
8,FAZAL AKRAM,,Jeep (No. 149),Independent,NA-18 Swabi-I
9,FAZAL ALI,,Book (No.31),Mutthida Majlis-e-Amal Pakistan,NA-18 Swabi-I
10,MUHAMMAD ISLAM KHAN,,Lantern (No.162),Awami National Party,NA-18 Swabi-I
11,MUHAMMAD RAZAQ,,Pick Up (No.201),Independent,NA-18 Swabi-I
12,MUHAMMAD TARIQ,,Thermos (No.283),Independent,NA-18 Swabi-I
13,MASOOD JABBAR,,Chiragh (Lamp) (No.58),Qaumi Watan Party,NA-18 Swabi-I
1,Syed Khalid,,Chiragh (Lamp) (No.58),Qaumi Watan Party,NA-19 Swabi-II
2,Shahid Khan,,Bulb (No.40),Awami Workers Party,NA-19 Swabi-II
3,Shehazad Ali Khan,,Laptop (No. 163),Tehreek Jawanan Pakistan,NA-19 Swabi-II
4,Usman Khan,,Bat (No. 19),Pakistan Tehreek-e-Insaf,NA-19 Swabi-II
5,Atta-Ul-Haq,,Book (No.31),Mutthida Majlis-e-Amal Pakistan,NA-19 Swabi-II
6,Imran Ullah,,Tiger (No.284),Pakistan Muslim League(N),NA-19 Swabi-II
7,Kashif Ahmad,,Tractor (No.292),Pakistan Muslim League,NA-19 Swabi-II
8,Muhammad Naeem,,Arrow (No.12),Pakistan Peoples Party Parliamentarians,NA-19 Swabi-II
9,Waris Khan,,Lantern (No.162),Awami National Party,NA-19 Swabi-II
1,Akhtar Nawaz,,Tiger (No.284),Pakistan Muslim League(N),NA-20 Mardan-I
2,Ataur Rahman,,Book (No.31),Mutthida Majlis-e-Amal Pakistan,NA-20 Mardan-I
3,Gul Nawaz Khan,,Lantern (No.162),Awami National Party,NA-20 Mardan-I
4,Mujahid Ali,,Bat (No. 19),Pakistan Tehreek-e-Insaf,NA-20 Mardan-I
5,Nawabzada Khwaja Muhammad Khan Hoti,,Arrow (No.12),Pakistan Peoples Party Parliamentarians,NA-20 Mardan-I
1,Amir Haider Azam Khan,,Lantern (No.162),Awami National Party,NA-21 Mardan-II
2,Syed Abid Ali Shah,,Arrow (No.12),Pakistan Peoples Party Parliamentarians,NA-21 Mardan-II
3,Shuja Ul Mulk ,,Book (No.31),Mutthida Majlis-e-Amal Pakistan,NA-21 Mardan-II
4,Muhammad Said ,,DATE TREE (No.78),Pakistan Freedom Movement,NA-21 Mardan-II
5,Muhammad Atif,,Bat (No. 19),Pakistan Tehreek-e-Insaf,NA-21 Mardan-II
6,Mukhtiar,,Charpai (No.56),Independent,NA-21 Mardan-II
1,Ihsan Ullah,, Crane (No.71),Tehreek Labbaik Pakistan,NA-22 Mardan-III
2,Jamshid Khan,,Tiger (No.284),Pakistan Muslim League(N),NA-22 Mardan-III
3,Shoaib Alam Khan,,Arrow (No.12),Pakistan Peoples Party Parliamentarians,NA-22 Mardan-III
4,Azmat Ali,,Helicopter (No. 134),Pakistan Muslim League(Z),NA-22 Mardan-III
5,Ali Muhammad,,Bat (No. 19),Pakistan Tehreek-e-Insaf,NA-22 Mardan-III
6,Muhammad Qasam ,,Book (No.31),Mutthida Majlis-e-Amal Pakistan,NA-22 Mardan-III
7,Malik Aman Khan,,Lantern (No.162),Awami National Party,NA-22 Mardan-III
1,Aftab Ahmad Khan Sherpao,,Chiragh (Lamp) (No.58),Qaumi Watan Party,NA-23 Charsadda-I
2,Anwar Taj,,Bat (No. 19),Pakistan Tehreek-e-Insaf,NA-23 Charsadda-I
3,Begum Tahira Bukhari,,Tiger (No.284),Pakistan Muslim League(N),NA-23 Charsadda-I
4,Haji Zafir Ali Khan,,Book (No.31),Mutthida Majlis-e-Amal Pakistan,NA-23 Charsadda-I
5,Sobadar Khan,,Charpai (No.56),Independent,NA-23 Charsadda-I
6,Gubar Ahmad Khan,,Lantern (No.162),Awami National Party,NA-23 Charsadda-I
7,Manzoor Ahmad,,Arrow (No.12),Pakistan Peoples Party Parliamentarians,NA-23 Charsadda-I
1,Aftab Alam,,Arrow (No.12),Pakistan Peoples Party Parliamentarians,NA-24 Charsadda-II
2,Asfandyar Wali Khan,,Lantern (No.162),Awami National Party,NA-24 Charsadda-II
3,Zahoor Ahmad,,Eagle (No. 93),All Pakistan Muslim League,NA-24 Charsadda-II
4,Farooq Shah,,Hand Pump (No.130),Independent,NA-24 Charsadda-II
5,Fazal Muhammad Khan,,Bat (No. 19),Pakistan Tehreek-e-Insaf,NA-24 Charsadda-II
6,Muhammad Shafiq,,Crane (No.71),Tehreek Labbaik Pakistan,NA-24 Charsadda-II
7,Maulana Muhammad Gohar Shah,,Book (No.31),Mutthida Majlis-e-Amal Pakistan,NA-24 Charsadda-II
8,Mian Alamgir Shah,,Tiger (No.284),Pakistan Muslim League(N),NA-24 Charsadda-II
1,Ihrar Khan,,Pickup (No.201),Independent,NA-25 Nowshera-I
2,Ijaz Ul Haq,,Apple (No.11),Independent,NA-25 Nowshera-I
3,Pervez Khattak,,Bat (No.19) ,Pakistan Tehreek-e-Insaf,NA-25 Nowshera-I
4,Khan Parvez,,Arrow (No.12),Pakistan Peoples Party Parliamentarians,NA-25 Nowshera-I
5,Siraj Muhammad Khan,,Tiger (No.284),Pakistan Muslim League(N),NA-25 Nowshera-I
6,Syed Zuifiqar Ali Shah,,Book (No.31),Mutthida Majlis-e-Amal Pakistan,NA-25 Nowshera-I
7,Ayesha Gulalai Wazir,,Racket (No.214),Pakistan Tehreek-e-Insaf,NA-25 Nowshera-I
8,Muhammad Sher Ali,,Human Eye (No.142),Independent,NA-25 Nowshera-I
9,Malik Jumma Kha,,Lantern (No.162),Awami National Party,NA-25 Nowshera-I
1,Asif Luqman Qazi,,Book (No.31),Mutthida Majlis-e-Amal Pakistan,NA-26 Nowshera-II
2,Sana Ullah Jan,,Crane (No.71),Tehreek Labbaik Pakistan,NA-26 Nowshera-II
3,Jamal Khan Khattak,,Lantern (No.162),Awami National Party,NA-26 Nowshera-II
4,Haji Nawab Khan,,Tiger (No.284),Pakistan Muslim League(N),NA-26 Nowshera-II
5,Salih Muhammad,,Combat Tank (No.66),Independent,NA-26 Nowshera-II
6,Imran Khattak,,Bat (No. 19),Pakistan Tehreek-e-Insaf,NA-26 Nowshera-II
7,Feroze Jamal Shah Kaka Khel,,Arrow (No. 12),Pakistan Peoples Party Parliamentarians,NA-26 Nowshera-II
8,Muhammad Tanvir,,Apple (No. 11) ,Independent,NA-26 Nowshera-II
9,Muhammad Faisal Khattak,,Laptop (No.163),Tehreek Jawanan Pakistan,NA-26 Nowshera-II
1,Amjad Ali,,Chiragh (Lamp) (No.58),Qaumi Watan Party,NA-27 Peshawar-I
2,Sobia Shahid,,Tiger (No.284),Pakistan Muslim League(N),NA-27 Peshawar-I
3,Haji Ghulam Ali,,Book (No.31),Mutthida Majlis-e-Amal Pakistan,NA-27 Peshawar-I
4,Sidra Qadeem,,Pomegranate (No.208),Independent,NA-27 Peshawar-I
5,Shakeel Abid,,Pencil (No.196),Independent,NA-27 Peshawar-I
6,Tahir Nadeem,,Lantern (No.162),Awami National Party,NA-27 Peshawar-I
7,Asma Alamgir,,Arrow (No.12),Pakistan Peoples Party Parliamentarians,NA-27 Peshawar-I
8,Faqir Muhammad,,Apple (No.11),Independent,NA-27 Peshawar-I
9,Noor Alam Khan,,Bat (No.19) ,Pakistan Tehreek-e-Insaf,NA-27 Peshawar-I
10,Naveed Ali,,Jeep (No. 149),Independent,NA-27 Peshawar-I
1,Arbab Amir Ayub,,Bat (No.19) ,Pakistan Tehreek-e-Insaf,NA-28 Peshawar-II
2,Ikram Ullah,,Crane (No.71),Tehreek Labbaik Pakistan,NA-28 Peshawar-II
3,Shafi Akbar,,Lantern (No. 162),Awami National Party,NA-28 Peshawar-II
4,Sabir Hussain Awan,,Book (No.31),Mutthida Majlis-e-Amal Pakistan,NA-28 Peshawar-II
5,Muhammad Intikhab Khan,,Tiger (No.284),Pakistan Muslim League (N),NA-28 Peshawar-II
6,Muhammad Daud Khan Barki,,Apple (No. 11),Independent,NA-28 Peshawar-II
1,Arbab Kamal Ahmad,,Lantern (No. 162),Awami National Party,NA-29 Peshawar-III
2,Ameer Muqam,,Tiger (No.284),Pakistan Muslim League (N),NA-29 Peshawar-III
3,Muhammad Shafiq,,Crane (No.71),Tehreek Labbaik Pakistan,NA-29 Peshawar-III
4,Nasir Khan,,Bat (No. 19),Pakistan Tehreek-e-Insaf,NA-29 Peshawar-III
5,Naeem Jan,,Book (No.31),MUTTHIDA MAJLIS-E-AMAL PAKISTAN,NA-29 Peshawar-III
1,Arbab Alamgir Khan,,Arrow (No.12),Pakistan Peoples Party Parliamentarians,NA-30. Peshawar-IV
2,Arbab Najeeb Ullah Khan,,Book (No.31),MUTTHIDA MAJLIS-E-AMAL PAKISTAN,NA-30. Peshawar-IV
3,Sher Ali Arbab,,Bat (No. 19),Pakistan Tehreek-e-Insaf,NA-30. Peshawar-IV
4,Muhammad Junaid,,Tiger (No.284),Pakistan Muslim League (N),NA-30. Peshawar-IV
5,Muhammad Shoukat Khursheed,,Apple (No. 11),Independent,NA-30. Peshawar-IV
6,Muhammad Alamgir Khalil,,Lantern (No. 162),Awami National Party,NA-30. Peshawar-IV
7,Malik Haidar Khan,,Tractor (No.292),Pakistan Muslim League,NA-30. Peshawar-IV
8,Noor Wali Khan,,Gavel (No. 118) ,Pakistan Justice & Democratic Party,NA-30. Peshawar-IV
1,Akhunzada lrfan Ullah Shah,"P/o Box Railway Station, House No.2, Faqirabad No.2, Peshawar",Arrow (No.12),Pakistan Peoples Party Parliamentarians,NA-31 Peshawar-V
2,Ilyas Ahmad Bilour,"House No. 19-A. Chinnar Road, University Town Peshawar",Roller of Wood (No.223),Independent,NA-31 Peshawar-V
3,Aurangzeb Khan,Mohmand Floor Mills. Kohat Road. Peshawar,Eagle (No.93),All Pakistan Muslim League,NA-31 Peshawar-V
4,Haji Ghulam Ahmad Bilour,"House No. 3/2, Raza Shah Shaheed Road. Bilour House Peshawar Cantt",Lantern (No. 162),Awami National Party,NA-31 Peshawar-V
5,Rooh Ullah ,"Ziarat Dag. P o Yousaf Khel, Tehsil Upper Mohmand, District Mohmand Agency",Jeep (No.149),Independent,NA-31 Peshawar-V
6,Shaukat Ali S.o Fazal Muhammad Afzal,"House No. 22, Mohallah Islamabad Peshawar",Ice Cream (No. 145),Independent,NA-31 Peshawar-V
7,Shaukat Ali S.o Liaqat Ali,"Shah Qabool Colony No. 2, 1 louse # 09. Peshawar",Bat (No. 19),Pakistan Tehreek-e-Insaf,NA-31 Peshawar-V
8,Gul Rehman,Shaheen Muslim Town. House,Balloons (No. l7),Pasban Pakistan.,NA-31 Peshawar-V
9,Muhammad Saqqaf Yasir,"Rasheed Town, Gulbahar Peshawar ",Table Tennis Bat (No.273),Independent,NA-31 Peshawar-V
10,Muhammad Siddiq Ur Rehman Paracha,"House No.T-4751, Street No. 5, Ashrafia Colony Eidgah Road, Peshawar",Book (No.31),MUTTHIDA MAJLIS-E-AMAL PAKISTAN,NA-31 Peshawar-V
11,Muhammad Nadeem ,"Malik House. Nadeem Town, Dalazak Road, Peshawar",Tiger (No.284),Pakistan Muslim League (N),NA-31 Peshawar-V
12, Noor Hussain,"Shaheed Abad No. 2, Shaheen Muslim Town, Peshawar",Tyre (No.309),Amun Taraqqi Party,NA-31 Peshawar-V
13,Yasmeen,"Moh Haji Abad Umarzai, Tehsil & District Charsadda",Crane (No.71),Tehreek Labbaik Pakistan,NA-31 Peshawar-V
1,Bismillah Khan,Banda Mosam Khan Post Office Dhoda Kohat,Arrow (No.12),Pakistan Peoples Party Parliamentarians,NA-32 Kohat
2,Shehryar Afridi,"Mohallah Ghari Resaldar, Hangu Road Kohat",Bat (No. 19),Pakistan Tehreek-e-Insaf,NA-32 Kohat
3,Abbas Afridi,"Qoum Jawaki, Torki Ismail Khel, Post Office Billitang, Kohat",Tiger (No.284),Pakistan Muslim League (N),NA-32 Kohat
4,Asmat Ullah Khan,Saaryan Vllage & Post Office Lachi Bala Kohat,Pitcher (No.204),Independent,NA-32 Kohat
5,Gohar Muhammad Khan Bangash,"House No. 204, Muhammad Zai Hangu Road Kohat",Book (No.31),MUTTHIDA MAJLIS-E-AMAL PAKISTAN,NA-32 Kohat
6,Muhammad Fayyaz,"House No,T-41, Parachagan, Mohallah Sikandar Khan Shaheed Kohat",Charpai (No.56),Independent,NA-32 Kohat
7,Madiha Faraz,"House No,C-68 Mohallah Koi Bagh, District Hangu",Sun Flower (No.266),Independent,NA-32 Kohat
8,Mufti Ibrar Sultan,"Mohallah Tori Khan, Lachi Payan, Post Office Lachi, Kohat",Fan (No. 101),Independent,NA-32 Kohat
9,Najeeb Ullah Durani,"Navey Killa, Ghari Behram Shah Jangle Khel Kohat",Crane (No.71),Tehreek Labbaik Pakistan,NA-32 Kohat
10,Yousaf Afridi,Babari Banda Post Office Billitang Kohat,Newspaper (No. 183),Independent,NA-32 Kohat
1,Akhtar Munir Bangash,Moh: Norani Doaba,School Bag (No.233),Independent,NA-33 Hangu
2,Ulfat Hussain,Khwaja Khizar Theh; & District Hangu,Arrow (No.12),Pakistan Peoples Party Parliamentarians,NA-33 Hangu
3,Taj Muhammad,Warasta Tehsil & District Hangu,Bee (No.24),Independent,NA-33 Hangu
4,Hussain Jalali,Zargiri Teh: & Distt: Hangu,Match Box (No. 172),Independent,NA-33 Hangu
5,Khaliq ur Rehman,Moh: Farooq Abad Wrasta Road Hangu,Apple (No. 11),Independent,NA-33 Hangu
6,Khial Zaman,Shanawari Naiyab Tehsil Thall District Hangu,Bat (No. 19),Pakistan Tehreek-e-Insaf,NA-33 Hangu
7,Rangeen Khan,"Chapri Waziran, Theh: Thall Distt: Hangu",Chitrali Cap (No.59),Independent,NA-33 Hangu
8,Sultan Akbar,Orakzai Agency Hal Lakhti Banda,Flower Pot (No. 107),Independent,NA-33 Hangu
9,Syed Haider Ali Shah,Moh Patan Khel Darsamand Hangu,Lantern (No. 162),Awami National Party,NA-33 Hangu
10,Arif Hussain,Moh: Pas Kallay Hangu,Gun (No. 128),Independent,NA-33 Hangu
11,Atiq Ur Rehman,Hangu House Moh: Rehman Abad Thall Road Hangu,Book (No.31),MUTTHIDA MAJLIS-E-AMAL PAKISTAN,NA-33 Hangu
12,Muhammad Imran,Zanki Banda Tehsil & District Hangu,Bucket (No.39),Independent,NA-33 Hangu
13,Malak Riaz Bangash,Moh: Ali Khan Khel Nayrab Teh: Thall Distt: Hangu,Ghulail (No. 121),Independent,NA-33 Hangu
1,Ikhtiar Gul,Village Tarki Khel. P/O Sabir Abad Tehsil & District Karak,Bucket (No.39),Independent,NA-34 Karak
2,Altaf Qadir,Village Mitha Khel. Tehsil & District Karak,Hen (No.135),Independent,NA-34 Karak
3,Tauseef Razique,"Village Chanda Manzai Mir Kalam Jatta Ismail Khel, Tehsil Banda Daud Shah, District Karak",Fan (No. 101),Independent,NA-34 Karak
4,Haseeb Ahmad Afaqi,"Village Nasrat Abad Mianki Banda, Tehsil Takhte Nasrati, District Karak",Tractor (No.292),Pakistan Muslim League,NA-34 Karak
5,Hameed Ullah Khan,"Village Amin Khel Chowkara, Tehsil Takhte Nasrati, District Karak",Thermos (No.283),Independent,NA-34 Karak
6,Zeeshan Ahmad,"Village Payala Banda Mianki, Tehsil Takhte Nasrati, District Karak                          ",Pick Up (No.201),Independent,NA-34 Karak
7,Rehmat Salam Khattak,"Village Raza Abad Chowkara, Tehsil Takhte Nasrati, District Karak",Tiger (No.284),Pakistan Muslim League (N),NA-34 Karak
8,Saad Ullah Khan Khattak,"Village Kabir Killa Sabir Abad, Tehsil & District Karak ",Human Eye (No. 142),Independent,NA-34 Karak
9,Shakir Zeeshan Khattak,"Village Khanan Sabir Abad, Teshil & District Karak",Gavel (No. 118) ,Pakistan Justice & Democratic Party,NA-34 Karak
10,Shahid Ahmad,"Village Hadda Banda, Teshil  Takhte Nasrati, District Karak",Bat (No. 19),Pakistan Tehreek-e-Insaf,NA-34 Karak
11,Shah Abdul Aziz,"Village Mohabati Killa, Tehsil Takhte Nasrati. District Karak",Ladder (No. 161),Jamiat Ulama-e-Islam Pakistan (S),NA-34 Karak
12,Shams ur Rehman Khattak,"Village Makoori. Tehsil Banda Daud Shah, District Karak    ",Jeep (No.149),Independent,NA-34 Karak
13,Zafar Mehmood,Village Palosar Mohallah Mehmood Abad Shamshaki.  Tehsil & District Karak ,Study Table with Chair (No.263),Independent,NA-34 Karak
14, Usman Ghani ,"Village Shahidan Banda Mianki, Tehsil Takhte Nasrati, District Karak",Wheel Barrow (No.324),Independent,NA-34 Karak
15,Aziz Khan,"Village Warana Mir Hassan Khel, Tehsil Takhte Nasrati Karak",Bed (No.23),Independent,NA-34 Karak
16,Imaad Azam,"Village & Tehsil Takhte Nasrati, District Karak",Cricket Stumps (No.73),Independent,NA-34 Karak
17, Gul Sahib Khan,"Mohallah Matina Aya Khel Sabir Abad, Tehsil & District Karak",Transformer (No.294),Independent,NA-34 Karak
18,Mir Zakim Khan,"Village Kach Banda, Tehsil & District Karak",Book (No.31),MUTTHIDA MAJLIS-E-AMAL PAKISTAN,NA-34 Karak
19,Nawabzada Mohsin Ali Khan,"Park Lane University Town, House No.3 Peshawar",Arrow (No.12),Pakistan Peoples Party Parliamentarians,NA-34 Karak
1,Amin ullah,Jadeed Hinjal Noor Baz P/O Bannu Tehsil & District Bannu,Iron (No. 147) ,Pakistan Rah-e-Haq Party,NA-35 Bannu
2,Islam Noor,Kam chashmy Tehsil Domel District Bannu,Ladder (No. 161),Jamiat Ulama-e-Islam Pakistan (S),NA-35 Bannu
3,Akram Khan Durrani,Mewa Khel P/o Fazal Haq Malwana Bannu,Book (No.31),MUTTHIDA MAJLIS-E-AMAL PAKISTAN,NA-35 Bannu
4,Inam Ullah,Village/post/o Kamar Kalla Tehsil domil District Bannu,Gavel (No. 118) ,Pakistan Justice & Democratic Party,NA-35 Bannu
5,Hamid Shah  ,Sikna Dheri Saiddan Mamesh  Khel& District Bannu ,Apple (No. 11),Independent,NA-35 Bannu
6,Syeda Yasmin Safdar, Kotka Muhammad Anwar Khan P/o Jafer Khan Tehsil & District Bannu,Arrow (No.12),Pakistan Peoples Party Parliamentarians,NA-35 Bannu
7,Safdar Iqbal Shah, Dheri saiddan P/O Mamash khel Tehsil & District Bannu ,Brick (No.35),Independent,NA-35 Bannu
8,Abdul Samad Khan,Waligaiy Tehsil and District Bannu,Dolphin (No.85),Pak Sarzameen Party,NA-35 Bannu
9,Imran Ahmad Khan Niazi,"Mohra Noor, Imran Khan House Banigala Islamabad",Bat (No. 19),Pakistan Tehreek-e-Insaf,NA-35 Bannu
10,Liaqat Ali Khan,Kotka Sherzad Bazar Ahmad Khan District Bannu,Eagle (No.93) ,All Pakistan Muslim League,NA-35 Bannu
11,Muhammad Usman Ali Khan,House No 6/EB Railway Road  Bannu city Tehsil & District   Bannu,Suitcase (No.264),Independent,NA-35 Bannu
12,Wali Dad Khan,Pak Ismail Khel Hibak Shyerza  Khan Thesil & District Bannu,Missile (No. 175),Pakistan Aman Tehreek.,NA-35 Bannu
1,Ashraf Ali Khan,,Fan (No. 101),Independent,NA-36 LAKKI MARWAT
2,Ishfaq Ahmed Khan,,Bat (No. 19),Pakistan Tehreek-e-Insaf,NA-36 LAKKI MARWAT
3,Amir Nawaz Khan,,Tooth Bursh,Independent,NA-36 LAKKI MARWAT
4,Inam Ullah Khan,,Arrow (No.12),Pakistan Peoples Party Parliamentarians,NA-36 LAKKI MARWAT
5,Haji Jamil Ur Rehman Nasir,,Human Eye (No. 142),Independent,NA-36 LAKKI MARWAT
6,Sher Adzal Khan,,Waist Coat,Independent,NA-36 LAKKI MARWAT
7,Abdul Hayat,,Tap,Independent,NA-36 LAKKI MARWAT
8,Abdullah,,Tree,Pashtunkhwa Milli Awami Party,NA-36 LAKKI MARWAT
9,Aziz Khan,,Suitcase (No.264),Independent,NA-36 LAKKI MARWAT
10,Imran Ullah Khan,,Tiger (No.284),Pakistan Muslim League (N),NA-36 LAKKI MARWAT
11,Imran Nawab,,Slate,Independent,NA-36 LAKKI MARWAT
12,Gul Razan Shah,,Apple (No. 11),Independent,NA-36 LAKKI MARWAT
13,Muhammad Idrees Khan,,Calender,Independent,NA-36 LAKKI MARWAT
14,Muhammad Anwar,,Book (No.31),MUTTHIDA MAJLIS-E-AMAL PAKISTAN,NA-36 LAKKI MARWAT
15,Muhammad Ali,,Crane (No.71),Tehreek Labbaik Pakistan,NA-36 LAKKI MARWAT
16,Mansoor Kamal Marwat,,Gun (No. 128),Independent,NA-36 LAKKI MARWAT
17,Najib Ullah Khan,,Charpai (No.56),Independent,NA-36 LAKKI MARWAT
18,Nasim Ullah,,Transformer (No.294),Independent,NA-36 LAKKI MARWAT
1,Ahmad Habibullah Khan Kundi,,Basket (No. 18),Independent, NA-37 Tank
2,Asad Mehmood ,,Book (No.31),MUTTHIDA MAJLIS-E-AMAL PAKISTAN, NA-37 Tank
3,Habib Ullah Khan,,Bat (No. 19),Pakistan Tehreek-e-Insaf, NA-37 Tank
4,Dawar Khan Kundi,,Pitcher (No.204),Independent, NA-37 Tank
5,Saeed Ahmad,,Match Box (No. 172),Independent, NA-37 Tank
6,Sami Ullah Khan Burki ,,Tiger (No.284) ,Pakistan Muslim League (N), NA-37 Tank
7,Ubaid Ur Rehman,,Fan (No.101),Independent, NA-37 Tank
8,Ghulam Badshah,,Apple (No. 11),Independent, NA-37 Tank
9,Faisal Karim Kundi,,Sun Flower (No.266),Independent, NA-37 Tank
10,Muhammad Ayub Khan,,Jeep (No.149),Independent, NA-37 Tank
11,Muhammad Ramzan,,Suitcase (No.264),Independent, NA-37 Tank
12, Nawabzada Saadat Khan,,Eagle (No.93) ,All Pakistan Muslim League, NA-37 Tank
13,Waqar Ahmad Khan,,Lock (No. 167),Independent, NA-37 Tank
1,Ahmad Kundi,,Air Cooler (No.4),Independent, NA-38 Dera Ismail Khan-I
2,Akhtar Saeed,,Tiger (No.284),Pakistan Muslim League (N), NA-38 Dera Ismail Khan-I
3,Chohdry Siraj Ud Din,,Suitcase (No.264),Independent, NA-38 Dera Ismail Khan-I
4,Hafeezullah,,Crane (No.71),Tehreek Labbaik Pakistan, NA-38 Dera Ismail Khan-I
5,Hameedullah Khan Qadri,,Kettle (No. 153),Independent, NA-38 Dera Ismail Khan-I
6,Dawar Khan Kundi,,Pitcher (No.204),Independent, NA-38 Dera Ismail Khan-I
7,Syed Hasnain Mohy Ud Din Gillani,,Jeep (No.149),Independent, NA-38 Dera Ismail Khan-I
8,Ubaid Ur Rehman,,Apple (No. 11),Independent, NA-38 Dera Ismail Khan-I
9,Ali Amin Khan,,Bat (No. 19),Pakistan Tehreek-e-Insaf, NA-38 Dera Ismail Khan-I
10,Fazal Ur Rehman,,Book (No.31),MUTTHIDA MAJLIS-E-AMAL PAKISTAN, NA-38 Dera Ismail Khan-I
11,Faisal Karim Kundi,,Arrow (No.12),Pakistan Peoples Party Parliamentarians, NA-38 Dera Ismail Khan-I
12,Muhammad Ali Raza,,Revolver (No.218),Independent, NA-38 Dera Ismail Khan-I
13,Muhammad Naeem Khan,,Cricket Stumps (No.73),Independent, NA-38 Dera Ismail Khan-I
14,Makhdum Syed Murid KAzim Shah,,Ring (No.220),Independent, NA-38 Dera Ismail Khan-I
15,Waqar Ahmad Khan,,Lock (No. 167),Independent, NA-38 Dera Ismail Khan-I
1,Ehtasham Ullah Khan,,Cricket Stumps (No.73),Independent,NA-39 Dera Ismail Khan-II
2, Alhaj Sardar Umar Farooq Khan,, Bottle (No.32),Independent,NA-39 Dera Ismail Khan-II
3,Obaid ur Rehman,,Gun (No. 128),Independent,NA-39 Dera Ismail Khan-II
4,Irfan Ullah Khan,,Excavator (No. 100),Independent,NA-39 Dera Ismail Khan-II
5,Asmat Ullah,,Jeep (No.149),Independent,NA-39 Dera Ismail Khan-II
6,Fazl ur Rehman,,Book (No.31),MUTTHIDA MAJLIS-E-AMAL PAKISTAN,NA-39 Dera Ismail Khan-II
7,Faisal Karim Kundi,,Transformer (No.294),Independent,NA-39 Dera Ismail Khan-II
8,Qaizar Khan,,Ice Cream (No. 145),Independent,NA-39 Dera Ismail Khan-II
9,Muhammad Aftab Inayat,,Suitcase (No.264),Independent,NA-39 Dera Ismail Khan-II
10,Muhammad Akbar Khan,,Brick (No.35),Independent,NA-39 Dera Ismail Khan-II
11,Muhammad Amir,,Pitcher (No.204),Independent,NA-39 Dera Ismail Khan-II
12,Muhammad Maqbool,,Tyre (No.309),Amun Taraqqi Party,NA-39 Dera Ismail Khan-II
13,Muhammad Yaqoob Sheikh,,Bat (No. 19),Pakistan Tehreek-e-Insaf,NA-39 Dera Ismail Khan-II
14,Nurang Khan ,,Arrow (No.12),Pakistan Peoples Party Parliamentarians,NA-39 Dera Ismail Khan-II
15,Waqar Ahmad Khan,,Lock (No. 167),Independent,NA-39 Dera Ismail Khan-II
1,Iisrar Ud Din Khan,,Leaf (No. 164),Independent,NA-40 Tribal Area-I
2,Javid Miandad,,Wheel Barrow (No.324),Independent,NA-40 Tribal Area-I
3,Sardar Khan,,Pitcher (No.204),Independent,NA-40 Tribal Area-I
4,Syed Akhun Zada Chattan,,Arrow (No.12),Pakistan Peoples Party Parliamentarians,NA-40 Tribal Area-I
5,Said Badshah,,Tea Pot (No.279),Independent,NA-40 Tribal Area-I
6,Shaukat Ullah,,Fan(No.l01),Independent,NA-40 Tribal Area-I
7,Gul Afzal,,Lantern (No. 162),Awami National Party,NA-40 Tribal Area-I
8,Gul Dad Khan,,Bat (No. 19),Pakistan Tehreek-e-Insaf,NA-40 Tribal Area-I
9,Muhammad Israr,,Dolphin (No.85),Pak Sarzameen Party,NA-40 Tribal Area-I
10,Muhammad Asghar,,Tree (No.295),Pashtunkhwa Milli Awami Party,NA-40 Tribal Area-I
11,Muhammad Akbar Khan,,Tiger (No.284),Pakistan Muslim League (N),NA-40 Tribal Area-I
12,Muambar Khan,,Jeep (No.149),Independent,NA-40 Tribal Area-I
13,Naseer Khan,,Chiragh (Lamp) (No.58),Qaumi Watan Party,NA-40 Tribal Area-I
14,Hidayat Ullah ,,Fork (No. 109),Independent,NA-40 Tribal Area-I
1,Hafeez Ur Rahman,,Jeep (No.149),Independent,NA-41 Tribal Area - II
2,Sultan Zeb Khan,,Fan (No. 101),Independent,NA-41 Tribal Area - II
3,Syed Akhun Zada Chattan,,Arrow (No.12),Pakistan Peoples Party Parliamentarians,NA-41 Tribal Area - II
4,Shahab Ud Din Khan,,Leaf (No. 164),Independent,NA-41 Tribal Area - II
5,Sher Ahmad,,Apple (No. 11),Independent,NA-41 Tribal Area - II
6,Salah Ud Din,,Chair (No.55),Allah-o-Akbar Tehreek,NA-41 Tribal Area - II
7,Abdur Rasheed,,Book (No.31),MUTTHIDA MAJLIS-E-AMAL PAKISTAN,NA-41 Tribal Area - II
8,Abdul Majeed,,Pitcher (No.204),Independent,NA-41 Tribal Area - II
9,Gul Zada,,Lantern (No. 162),Awami National Party,NA-41 Tribal Area - II
10,Gul Zafar Khan,,Bat (No. 19),Pakistan Tehreek-e-Insaf,NA-41 Tribal Area - II
11,Muhammad Ayaz,,Charpai (No.56),Independent,NA-41 Tribal Area - II
12,Waheed Zaman,,Dolphin (No.85),Pak Sarzameen Party,NA-41 Tribal Area - II
1,Ihsan Ullah,,Ladder (No. 161),Jamiat Ulama-e-Islam Pakistan (S),NA-42 Tribal Area - III
2,Israil,,Arrow (No.12),Pakistan Peoples Party Parliamentarians,NA-42 Tribal Area - III
3,Bilal Rahman,,Bed (No.23),Independent,NA-42 Tribal Area - III
4,Khandad,,Hud Hud (No. 140),Independent,NA-42 Tribal Area - III
5,Rahman Gul,,Parrot (No. 193),Independent,NA-42 Tribal Area - III
6,Zar Khan,,Tiger (No.284),Pakistan Muslim League (N),NA-42 Tribal Area - III
7,Sajid Khan,,Bat (No. 19),Pakistan Tehreek-e-Insaf,NA-42 Tribal Area - III
8,Shah Khalid,,Pitcher (No.204),Independent,NA-42 Tribal Area - III
9,Shafi Ullah,,Butterfly (No.44),Independent,NA-42 Tribal Area - III
10,Abbas Ur Rahman,,Apple (No. 11),Independent,NA-42 Tribal Area - III
11,Abdur Rahman,,Fan (No. 101),Independent,NA-42 Tribal Area - III
12,Ghulam Muhammad Sadiq,,Book (No.31),MUTTHIDA MAJLIS-E-AMAL PAKISTAN,NA-42 Tribal Area - III
13,Muhammad Iqrar Khan,,Pick Up (No.201),Independent,NA-42 Tribal Area - III
14,Muhammad Saeed,,Thermos (No.283),Independent,NA-42 Tribal Area - III
15,Mustafa Khan,,Chiragh (Lamp) (No.58),Qaumi Watan Party,NA-42 Tribal Area - III
16,Malak Abdur Rahman,,Bunch of Grapes (No.42),Independent,NA-42 Tribal Area - III
17,Nisar Ahmad,,Lantern (No. 162),Awami National Party,NA-42 Tribal Area - III
18,Naveed Ali,,Pressure Cooker (No.209),Independent,NA-42 Tribal Area - III
1,Ihsan Ullah,,Street Light (No.262),Independent,NA-43 Tribal Area - IV
2,Alhaj Shah Jee Gul Afridi,,Fan (No. 101),Independent,NA-43 Tribal Area - IV
3,Hazrat Wali,,Arrow (No.12),Pakistan Peoples Party Parliamentarians,NA-43 Tribal Area - IV
4,Daulat Shah,,Gavel (No. 118) ,Pakistan Justice & Democratic Party,NA-43 Tribal Area - IV
5,Zar Noor Afridi,,Thermos (No.283),Independent,NA-43 Tribal Area - IV
6,Sardar Azam,,Tiger (No.284),Pakistan Muslim League (N),NA-43 Tribal Area - IV
7,Saida Jan,,Lantern (No. 162),Awami National Party,NA-43 Tribal Area - IV
8,Saidgha Jan,,Gun (No. 128),Independent,NA-43 Tribal Area - IV
9,Shah Zeb,,Butterfly (No.44),Independent,NA-43 Tribal Area - IV
10,Shakeel Afridi,,Pitcher (No.204),Independent,NA-43 Tribal Area - IV
11,Shermat Khan,,Sewing Machine (No.239),Independent,NA-43 Tribal Area - IV
12,Abdur Raziq Shinwari,,Bowl (No.34),Independent,NA-43 Tribal Area - IV
13,Abdul Nawaz,,Battery (No.21),Independent,NA-43 Tribal Area - IV
14,Attiq Ullah,,Ladder (No. 161),Jamiat Ulama-e-Islam Pakistan (S),NA-43 Tribal Area - IV
15,Mohib Ullah,,Ice Cream (No. 145),Independent,NA-43 Tribal Area - IV
16,Muhammad Ijaz,,Book (No.31),MUTTHIDA MAJLIS-E-AMAL PAKISTAN,NA-43 Tribal Area - IV
17,Nawabzada Muhammad Shah,,Lock (No. 167),Independent,NA-43 Tribal Area - IV
18,Noor ul Haq Alqadri,,Bat (No. 19),Pakistan Tehreek-e-Insaf,NA-43 Tribal Area - IV
1,Anwar Khan,,Jeep (No.149),Independent,NA-44 Tribal Area - V
2,Bilawal Afridi,,Fan (No. 101),Independent,NA-44 Tribal Area - V
3,Jassam Khan,,Pomegranate (No.208),Independent,NA-44 Tribal Area - V
4,Jan Wali,,Kettle (No. 153),Independent,NA-44 Tribal Area - V
5,Jehangir Khan,,Sun Flower (No.266),Independent,NA-44 Tribal Area - V
6,Hazrat Wali,,Pick Up (No.201),Independent,NA-44 Tribal Area - V
7,Hameedullah Jan Afridi,,Pitcher (No.204),Independent,NA-44 Tribal Area - V
8,Khan Wali,,Knife (No. 160),Independent,NA-44 Tribal Area - V
9,Dilshad Ullah,,Wrist Watch (No.330),Independent,NA-44 Tribal Area - V
10,Roman Khan,,Basket (No. 18),Independent,NA-44 Tribal Area - V
11,Zahidullah,,T-Shirt (No.301),Independent,NA-44 Tribal Area - V
12,Saeed Ullah,,Transformer (No.294),Independent,NA-44 Tribal Area - V
13,Sohail Ahmad,,Arrow (No.12),Pakistan Peoples Party Parliamentarians,NA-44 Tribal Area - V
14,Said Karam Shah Afridi,,Chitrali Cap (No.59),Independent,NA-44 Tribal Area - V
15,Said Muhammad,,Scooter (No.235),Independent,NA-44 Tribal Area - V
16,Said Nawab,,Ice Cream (No. 145),Independent,NA-44 Tribal Area - V
17,Shah Faisal Afridi,,Loud Speaker (No. 169),Independent,NA-44 Tribal Area - V
18,Shamsuddin,,Hud Hud (No. 140),Independent,NA-44 Tribal Area - V
19,Sohbat Khan,,Pencil (No. 196) ,Independent,NA-44 Tribal Area - V
20,Arat Khan,,Nail Cutter (No. 182),Independent,NA-44 Tribal Area - V
21,Abdul Qayyum Khan,,Thermos (No.283),Independent,NA-44 Tribal Area - V
22,Ajab Khan,,Mobile Phone (No. 177),Independent,NA-44 Tribal Area - V
23,Adnan Nasir,,Fridge (No. 113),Independent,NA-44 Tribal Area - V
24,Izatullah,,Ladder (No. 161),Jamiat Ulama-e-Islam Pakistan (S),NA-44 Tribal Area - V
25,Attaullah Khan,,Trophy (No.298),Pakistan Awami Inqelabi League,NA-44 Tribal Area - V
26,Imran Khan,,Lantern (No. 162),Awami National Party,NA-44 Tribal Area - V
1,Akhunzada Abdul Wali Khan,,Pencil (No. 196) ,Independent,NA-45 Tribal Area - VI
2,Akhunzada Muhammad Akram Khan,,Charpai (No.56),Independent,NA-45 Tribal Area - VI
3,Aman Ullah Jan,,Brick (No.35),Independent,NA-45 Tribal Area - VI
4,Badi Zaman,,Suitcase (No.264),Independent,NA-45 Tribal Area - VI
5,Jamal Dar,,Lock (No. 167),Independent,NA-45 Tribal Area - VI
6,Habib Malik,,Turban (No.305),Mutahidda Qabail Party,NA-45 Tribal Area - VI
7,Hazrat Nabi,,Bowl (No.34),Independent,NA-45 Tribal Area - VI
8,Hukam Sayed,,Pitcher (No.204),Independent,NA-45 Tribal Area - VI
9,Hikmat Khan,,Thermos (No.283),Independent,NA-45 Tribal Area - VI
10,Khyal Marjan,,Jeep (No.149),Independent,NA-45 Tribal Area - VI
11,Said Jamal,,Bat (No. 19),Pakistan Tehreek-e-Insaf,NA-45 Tribal Area - VI
12,Arif Hussain,,Arrow (No.12),Pakistan Peoples Party Parliamentarians,NA-45 Tribal Area - VI
13,Abdur Rashid Khan,,Jug (No.151),Independent,NA-45 Tribal Area - VI
14,Abdul Qadir,,Apple (No. 11),Independent,NA-45 Tribal Area - VI
15,Abdul Karim Abid,,Tiger (No. 284),Pakistan Muslim League (N),NA-45 Tribal Area - VI
16,Abdul Wahid,,Helicopter (No. 134),Pakistan Muslim League (Z),NA-45 Tribal Area - VI
17,Abdul Wali Khan,,Parrot (No. 193),Independent,NA-45 Tribal Area - VI
18,Adnan Sattar,,Fan (No. 101),Independent,NA-45 Tribal Area - VI
19,Irfan Ullah,,Hammer (No. 129),Independent,NA-45 Tribal Area - VI
20,Asmat Ullah,,Mic (No. 174),Independent,NA-45 Tribal Area - VI
21,Atta Ullah Jan Bangash,,Laptop (No. 163),Tehreek Jawanan Pakistan,NA-45 Tribal Area - VI
22,Farooq Ahmad,,Lantern (No. 162),Avvami National Party,NA-45 Tribal Area - VI
23,Fakhar Zaman,,Chitrali Cap (No. 59),Independent,NA-45 Tribal Area - VI
24,Fazal Khaliq,,Sun Flower (No. 266),Independent,NA-45 Tribal Area - VI
25,Gul Faraz,,Loud Speaker (No. 169),Independent,NA-45 Tribal Area - VI
26,Gulab Khan,,Revolver (No. 218),Independent,NA-45 Tribal Area - VI
27,Muhammad Shehzad,,Wrist Watch (No.330),Independent,NA-45 Tribal Area - VI
28,Muhammad Tofail Shaheen,,Hud Hud (No.140),Independent,NA-45 Tribal Area - VI
29,Muhammad Kabir,,Butterfly (No.44),Independent,NA-45 Tribal Area - VI
30,Muhammad Luqman,,Leaf (No. 164),Independent,NA-45 Tribal Area - VI
31,Muhammad Nasir Khan,,Slate (No.248),Independent,NA-45 Tribal Area - VI
32,Malak Rashid Ahmad Khan,,Tea Pot (No.279),Independent,NA-45 Tribal Area - VI
33,Malak Noor Akbar,,Basket (No.18),Independent,NA-45 Tribal Area - VI
34,Munir Khan Orakzai,,Book (No.3l),MUTTHIDA MAJLIS-E-AMAL PAKISTAN,NA-45 Tribal Area - VI
35,Noor Akbar,,Iron (No.147),Pakistan Rah-e-Haq Party,NA-45 Tribal Area - VI
36,Noor Muhammad,,Pomegranate (No.208),Independent,NA-45 Tribal Area - VI
37,Naveed Ahmad Khan,,Cricket Stumps (No.73),Independent,NA-45 Tribal Area - VI
38,Niyaz Badshah,,Gun (No.128),Independent,NA-45 Tribal Area - VI
1,Ibrar Hussain,,Pitcher (No.204),Independent,NA-46 Tribal Area - VII 
2,Jamil Hussain,,Leaf (No. 164),Independent,NA-46 Tribal Area - VII 
3,Jamil Hussain,,Gun (No. 128),Independent,NA-46 Tribal Area - VII 
4,Hashmat Hussain,,Medal (No. 173),Independent,NA-46 Tribal Area - VII 
5,Zahid Hussain Toorie,,Pencil (No. 196),Independent,NA-46 Tribal Area - VII 
6,Sajid Hussain Turi,,Arrow (No. 12),Pakistan Peoples Party Parliamentarians,NA-46 Tribal Area - VII 
7,Syed Irshad Hussain,,Jeep (No. 149),Independent,NA-46 Tribal Area - VII 
8,Syed Iqbal Mian,,Bat (No. 19),Pakistan Tehreek-e-lnsaf,NA-46 Tribal Area - VII 
9,Syed Munir Syed,,Tap (No.277),Independent,NA-46 Tribal Area - VII 
10,Shabir Hussain,,Tent (No.282),Majlis-e-Wahdat-e-Muslimeen Pakistan,NA-46 Tribal Area - VII 
11,Sher Hussain,,Parrot (No. 193),Independent,NA-46 Tribal Area - VII 
12,Amir Abbas,,Flower Pot (No. 107),Independent,NA-46 Tribal Area - VII 
13,Abdul Ghafar,,Mountain (No. 180),Independent,NA-46 Tribal Area - VII 
14,Ali Begum Khan,,Apple (No. 11),Independent,NA-46 Tribal Area - VII 
15,Inayat Hussain,,Human Eye (No. 142),Independent,NA-46 Tribal Area - VII 
16,Inayat Ali,,Sun Flower (No.266),Independent,NA-46 Tribal Area - VII 
17,Fazal Rabi,,Iron (No. 147),Pakistan Rah-e-Haq Party,NA-46 Tribal Area - VII 
18,Muhammad Hussain Turi,,Pomegranate (No.208),Independent,NA-46 Tribal Area - VII 
19,Muhammad Shehzad,,Wrist Watch (No.330),Independent,NA-46 Tribal Area - VII 
20,Muhammad Naseeb,,Ring (No.220),Independent,NA-46 Tribal Area - VII 
21,Mehmood Ali Jan,,Computer (No.67),Independent,NA-46 Tribal Area - VII 
22,Mushtaq Ali,,Sewving Machine,Independent,NA-46 Tribal Area - VII 
23,Mumtaz Hussain,,Hud Hud (No. 140),Independent,NA-46 Tribal Area - VII 
24,Mansab Ali,,Bowl (No.34),Independent,NA-46 Tribal Area - VII 
25,Waqar Ahmad,,Butterfly (No.44),Independent,NA-46 Tribal Area - VII 
1,Akhtar Gul,,Parrot (No. 193),Independent,NA-47 Tribal Area - VIII 
2,Iqbal Hussain,,Arrow (No. 12),Pakistan Peoples Party Parliamentarians,NA-47 Tribal Area - VIII 
3,Aurangzaib Khan,,Bucket (No.39),Independent,NA-47 Tribal Area - VIII 
4,Jawad Hussain,,Bat (No. 19),Pakistan Tehreek-e-Insaf,NA-47 Tribal Area - VIII 
5,Johar Abbas,,Sun Flower (No.266),Independent,NA-47 Tribal Area - VIII 
6,Habib Noor,,Turban (No.305),Mutahidda Qabail Party,NA-47 Tribal Area - VIII 
7,Khadim Hussain,,Fan (No. 101),Independent,NA-47 Tribal Area - VIII 
8,Raj Muhammad,,Thermos (No.283),Independent,NA-47 Tribal Area - VIII 
9,Rizwan Ullah,,Butterfly (No.44),Independent,NA-47 Tribal Area - VIII 
10,Rafi Ullah,,OX (No. 190),Independent,NA-47 Tribal Area - VIII 
11,Speen Gul,,Kettle (No. 153),Independent,NA-47 Tribal Area - VIII 
12,Sohrab Khan,,Road Roller (No.22I),Independent,NA-47 Tribal Area - VIII 
13,Syed Anees Ul Hassan,,Water Cooler (No.317),Independent,NA-47 Tribal Area - VIII 
27,Muhammad Ayaz,,Study Table with Chair (no. 263),Independent,NA-47 Tribal Area - VIII 
28,Malik Khalid Naeem,,Chaipai (No.56),Independent,NA-47 Tribal Area - VIII 
29,Malik Syed Noor Akbar,,Pitcher (No.204),Independent,NA-47 Tribal Area - VIII 
30,Malik Gul Karim Khan,,Sheep (No.241),Independent,NA-47 Tribal Area - VIII 
31,Noor Shaheed Khan,,Computer (No.67),Independent,NA-47 Tribal Area - VIII 
1,Ashraf Ullah,,Whistle (326),Independent,NA-48 TRIBAL AREA-IX NORTH WAZIR1STAN TRIBAL DISTRICT 
2,Akbar Ali Khan,,Pitcher (204),Independent,NA-48 TRIBAL AREA-IX NORTH WAZIR1STAN TRIBAL DISTRICT 
3,Aurangzeb,,Spoon (255),Independent,NA-48 TRIBAL AREA-IX NORTH WAZIR1STAN TRIBAL DISTRICT 
4,Aurangzeb Khan,,Bat (19),Pakistan Tehreek-e-Insaf,NA-48 TRIBAL AREA-IX NORTH WAZIR1STAN TRIBAL DISTRICT 
5,Pir Muhammad Aqal Shah,,Jeep (149),Independent,NA-48 TRIBAL AREA-IX NORTH WAZIR1STAN TRIBAL DISTRICT 
6,Javed Iqbal,,Water Cooler (317),Independent,NA-48 TRIBAL AREA-IX NORTH WAZIR1STAN TRIBAL DISTRICT 
7,Javed Khan,,Laptop (163),Tehreek Jawanan Pakistan,NA-48 TRIBAL AREA-IX NORTH WAZIR1STAN TRIBAL DISTRICT 
8,Jehanzeb Khan,,Chiragh Lamp (58),Qaumi Watan Party,NA-48 TRIBAL AREA-IX NORTH WAZIR1STAN TRIBAL DISTRICT 
9,Hanif Ullah,,Mic(174),Independent,NA-48 TRIBAL AREA-IX NORTH WAZIR1STAN TRIBAL DISTRICT 
10,Daud Khan,,Mobile Phone (177),Independent,NA-48 TRIBAL AREA-IX NORTH WAZIR1STAN TRIBAL DISTRICT 
11,Rehman Gul Akhunzadah,,Wrist Watch (330),Independent,NA-48 TRIBAL AREA-IX NORTH WAZIR1STAN TRIBAL DISTRICT 
12,Sher Ullah Khan,,Apple (11),Independent,NA-48 TRIBAL AREA-IX NORTH WAZIR1STAN TRIBAL DISTRICT 
13,Sher Bahadar Khan,,School Bag (233),Independent,NA-48 TRIBAL AREA-IX NORTH WAZIR1STAN TRIBAL DISTRICT 
14,Sher Wali Khan,,Combat Tank (66),Independent,NA-48 TRIBAL AREA-IX NORTH WAZIR1STAN TRIBAL DISTRICT 
15,Safi Ullah,,Tree (295),Pashtoonkhwa Milli Awami Party,NA-48 TRIBAL AREA-IX NORTH WAZIR1STAN TRIBAL DISTRICT 
16,Zia Ur Rehman,,Chitrali Cap (59),Independent,NA-48 TRIBAL AREA-IX NORTH WAZIR1STAN TRIBAL DISTRICT 
17,Qismat Khan Wazir,,Ladder (161),Jamiat Ulama-e-Islam Pakistan (S),NA-48 TRIBAL AREA-IX NORTH WAZIR1STAN TRIBAL DISTRICT 
18,Gula Dar Khan,,Pencil (196),Independent,NA-48 TRIBAL AREA-IX NORTH WAZIR1STAN TRIBAL DISTRICT 
19,Mohsin Javed,,Fan (101),Independent,NA-48 TRIBAL AREA-IX NORTH WAZIR1STAN TRIBAL DISTRICT 
20,Muhammad Iqbal Khan,,Thermos (283),Independent,NA-48 TRIBAL AREA-IX NORTH WAZIR1STAN TRIBAL DISTRICT 
21,Muhammad Din,,Table (271),Independent,NA-48 TRIBAL AREA-IX NORTH WAZIR1STAN TRIBAL DISTRICT 
22,Muhammad Rasool,,Sofa (249),Independent,NA-48 TRIBAL AREA-IX NORTH WAZIR1STAN TRIBAL DISTRICT 
23,Muhammad Umer Akbar Khan,,Ghulail (121),Independent,NA-48 TRIBAL AREA-IX NORTH WAZIR1STAN TRIBAL DISTRICT 
24,Muhammad Kamran Khan,,Bee (24),Independent,NA-48 TRIBAL AREA-IX NORTH WAZIR1STAN TRIBAL DISTRICT 
25,Muhammad Nazeer Khan,,Electric Heater (94),Independent,NA-48 TRIBAL AREA-IX NORTH WAZIR1STAN TRIBAL DISTRICT 
26,Muhammad Niaz Khan,,Tea Pot (279),Independent,NA-48 TRIBAL AREA-IX NORTH WAZIR1STAN TRIBAL DISTRICT 
27,Misbah Uddin,,Book (31),MUTTHIDA MAJLIS-E-AMAL PAKISTAN,NA-48 TRIBAL AREA-IX NORTH WAZIR1STAN TRIBAL DISTRICT 
28,Malik Ghulam Khan,,Arrow (12),Pakistan Peoples Party Parliamentarians,NA-48 TRIBAL AREA-IX NORTH WAZIR1STAN TRIBAL DISTRICT 
29,Malik Farid Ullah Khan Wazir,,House (139),Independent,NA-48 TRIBAL AREA-IX NORTH WAZIR1STAN TRIBAL DISTRICT 
30,Maulana Said Nek Zaman Haqani,,Scooter (235),Independent,NA-48 TRIBAL AREA-IX NORTH WAZIR1STAN TRIBAL DISTRICT 
31,Noor Behram,,Pomegranate (208),Independent,NA-48 TRIBAL AREA-IX NORTH WAZIR1STAN TRIBAL DISTRICT 
32,Nek Amal Khan,,Tiger(284),Pakistan Muslim League (N),NA-48 TRIBAL AREA-IX NORTH WAZIR1STAN TRIBAL DISTRICT 
33,Nek Muhammad Khan,,Cricket Stumps (73),Independent,NA-48 TRIBAL AREA-IX NORTH WAZIR1STAN TRIBAL DISTRICT 
34,Hamayun Khan s/o Guladar Khan,,Transformer (294),Independent,NA-48 TRIBAL AREA-IX NORTH WAZIR1STAN TRIBAL DISTRICT 
35,Hamayun Khan s/o Mir Jalil Khan,,Pickup (201),Independent,NA-48 TRIBAL AREA-IX NORTH WAZIR1STAN TRIBAL DISTRICT 
1,Ahmad Hussain,,Leaf (No. 164),Independent,NA-49 Tribal Area - X
2,Afsar Khan,,Bridge (No.36),Independent,NA-49 Tribal Area - X
3,Jamal Shah,,Tree (No.295),Pashtoonkhwa Milli Awami Party,NA-49 Tribal Area - X
4,Jahangir Khan,,Lantern (No. 162),Awami National Party,NA-49 Tribal Area - X
5,Dilawar Khan,,Tiger (No.284),Pakistan Muslim League (N),NA-49 Tribal Area - X
6,Dilbar Khan,,Tea Pot (No.279),Independent,NA-49 Tribal Area - X
7,Dost Muhammad Khan,,Bat (No. 19),Pakistan Tehreek-e-Insaf,NA-49 Tribal Area - X
8,Sami Ullah Jan,,Butterfly (No.44),Independent,NA-49 Tribal Area - X
9,Syed Muhammad Zahoor Shah,,Sheep (No.241),Independent,NA-49 Tribal Area - X
10,Sher Pao,,Chitrali Cap (No.59),Independent,NA-49 Tribal Area - X
11,Sadam Hussain,,Sun Flower (No.266),Independent,NA-49 Tribal Area - X
12,Zahir Shah,,Study Table with Chair (No.263)  ,Independent,NA-49 Tribal Area - X
13,Zahoor Khan,,Jeep (No. 149),Independent,NA-49 Tribal Area - X
14,Abdul Hameed,,Human Eye (No. 142),Independent,NA-49 Tribal Area - X
15,Abdur Rahim Khan Burki,,Hen (No. 135),Independent,NA-49 Tribal Area - X
16,Abdul Qadus Khan,,Match Box (No. 172),Independent,NA-49 Tribal Area - X
17,Abdullah,,Hud Hud (No. 140),Independent,NA-49 Tribal Area - X
18,Abdul Majeed,,Wrist Watch (No.330),Independent,NA-49 Tribal Area - X
19,Atta Mir Khan,,Chiragh (Lamp) (No.58),Qaumi Watan Party,NA-49 Tribal Area - X
20,Qayum Sher,,Bucket (No.39),Independent,NA-49 Tribal Area - X
21,Muhammad Iqbal,,Pencil (No. 196),Independent,NA-49 Tribal Area - X
22,Muhammad Jamal ud Din,,Book(No.31),MUTTHIDA MAJLIS-E-AMAL PAKISTAN,NA-49 Tribal Area - X
23,Nawab Naik Badshah Mahsud,,Gun (No. 128),Independent,NA-49 Tribal Area - X
24,Noor Hassan,,Charpai (No.56),Independent,NA-49 Tribal Area - X
25,Waheed Khan,,Calculator (No.47),Independent,NA-49 Tribal Area - X
1,Allah Dad Khan,,Sewing Machine (No. 239),Independent,NA-50 Tribal Area - XI
2,Aman Ullah,,Arrow (No. 12),Pakistan Peoples Party Parliamentarians,NA-50 Tribal Area - XI
3,Anwar Khan,,Scooter (No.235),Independent,NA-50 Tribal Area - XI
4,Anwar Khan,,Excavator (No. 100),Independent,NA-50 Tribal Area - XI
5,Taj Muhammad,,Chitrali Cap (No.59),Independent,NA-50 Tribal Area - XI
6,Sana Ullah Khan,,Fridge (No. 113),Independent,NA-50 Tribal Area - XI
7,Javid Iqbal,,Jeep (No. 149),Independent,NA-50 Tribal Area - XI
8,Jumma Khan,,Bucket (No.39),Independent,NA-50 Tribal Area - XI
9,Hafiz Ul Amin,,Tea Pot (No.279),Independent,NA-50 Tribal Area - XI
10,Zarwali Khan,,Ladder (No. 161),Jamiat Ulama-e-Islam Pakistan (S),NA-50 Tribal Area - XI
12,Abdul Khaliq Khan,,Hud Hud (No. 140),Independent,NA-50 Tribal Area - XI
13,Abdul Rasheed,,Slate (No.248),Independent,NA-50 Tribal Area - XI
14,Abdullah,,Binoculars (No.28),Independent,NA-50 Tribal Area - XI
15,Ajab Gul,,Air Conditioner (No.3),Independent,NA-50 Tribal Area - XI
16,Ghalib Khan,,Tiger (No.284),Pakistan Muslim League (N),NA-50 Tribal Area - XI
17,Muhammad Ayaz Khan,,Lantern (No. 162),Awami National Party,NA-50 Tribal Area - XI
18,Muhammad Asghar Khan,,Pomegranate (No.208),Independent,NA-50 Tribal Area - XI
19,Muhammad Ilyas,,Pick Up (No.201),Independent,NA-50 Tribal Area - XI
20,Muhammad Rehman,,King (No. 158),Independent,NA-50 Tribal Area - XI
21,Muhammad Ali,,Lock (No. 167),Independent,NA-50 Tribal Area - XI
22,Muhammad Gulab,,Gun (No.128),Independent,NA-50 Tribal Area - XI
23,Muhammad Noor,,Pencil (No. 196),Independent,NA-50 Tribal Area - XI
24,Mehmood Alam,,Book (No.31),MUTTHIDA MAJLIS-E-AMAL PAKISTAN,NA-50 Tribal Area - XI
25,Naseer Ullah Khan,,Pitcher (No.204),Independent,NA-50 Tribal Area - XI
26,Noor Hassan,,Computer (No.67),Independent,NA-50 Tribal Area - XI
27,Nek Muhammad,,Black Board (No.29),Independent,NA-50 Tribal Area - XI
28,Nek Muhammad,,Human Eye (No.142),Independent,NA-50 Tribal Area - XI
1,Ishfaq Khan Bettani,,Jug (No. 151),Independent,NA-51 Tribal Area - XII
2,Ikram Ullah,,Arrow (No. 12),Pakistan Peoples Party Parliamentarians,NA-51 Tribal Area - XII
3,Aimal Khan,,Pencil (No. 196),Independent,NA-51 Tribal Area - XII
4,Baz Gul,,Jeep (No. 149),Independent,NA-51 Tribal Area - XII
5,Juma Khan,,Lock (No. 167),Independent,NA-51 Tribal Area - XII
6,Hazrat Nawaz,,Thermos (No.283),Independent,NA-51 Tribal Area - XII
7,Rozi Shah,,Saw (No.230),National Party,NA-51 Tribal Area - XII
8,Shahi Khan,,Lantern (No. 162),Awami National Party,NA-51 Tribal Area - XII
9,Abid Rehman,,Gun (No. 128),Independent,NA-51 Tribal Area - XII
10,Abdul Shakoor,,Book (No.31),MUTTHIDA MAJLIS-E-AMAL PAKISTAN,NA-51 Tribal Area - XII
11,Abdullah,,Fan (No. 101),Independent,NA-51 Tribal Area - XII
12,Allawdin,,Sewing Machine (No. 239),Independent,NA-51 Tribal Area - XII
13,Ghulam Badshah,,Fridge (No. 113),Independent,NA-51 Tribal Area - XII
14,Qaisar Jamal,,Bat (No. 19),Pakistan Tehreek-e-Insaf,NA-51 Tribal Area - XII
15,Kifayat Ullah,,Pick Up (No.201),Independent,NA-51 Tribal Area - XII
16,Muhammad Sohail Bettani,,Revolver (No.218),Independent,NA-51 Tribal Area - XII
17,Miraj Gul,,House (No. 139),Independent,NA-51 Tribal Area - XII
18,Wazir Badshah,,Apple (No. 11),Independent,NA-51 Tribal Area - XII
19,Younis Khan,,Tree (No.295),Pashtoonkhwa Milli Awami Party,NA-51 Tribal Area - XII